-1.243410430173952363e-09	1.990522049040895350e-09	5.896746743672132141e-09
-1.414836243995853990e-09	1.896389959880432832e-09	5.641919880357744630e-09
-1.571310205098855950e-09	1.811225023666077611e-09	5.405445656821622896e-09
-1.714477703557149344e-09	1.734145473516098839e-09	5.185712583418342689e-09
-1.845770203808457815e-09	1.664368964870988521e-09	4.981276423750755531e-09
-1.966436728959944246e-09	1.601199522971440532e-09	4.790840708405553153e-09
-2.077570075004198681e-09	1.544016914323265569e-09	4.613239384017772793e-09
-2.180128970408202218e-09	1.492267574324894382e-09	4.447421508846362052e-09
-2.274956680675677796e-09	1.445456197327980717e-09	4.292438728533318657e-09
-2.362796674403496820e-09	1.403139045693299116e-09	4.147433137665266121e-09
-2.444306219350397616e-09	1.364917773249985461e-09	4.011627962226724034e-09
-2.520067465238322049e-09	1.330434329371852671e-09	3.884318372504575158e-09
-2.590597431943269001e-09	1.299366064744234285e-09	3.764863822549221985e-09
-2.656356242724164165e-09	1.271422026919803653e-09	3.652681520212771940e-09
-2.717754115158511253e-09	1.246339283630012384e-09	3.547240192321629279e-09
-2.775157668249983941e-09	1.223880026953357780e-09	3.448054887907522943e-09
-2.828895223107309170e-09	1.203828736695556080e-09	3.354682421667181146e-09
-2.879261278530831855e-09	1.185989699041082876e-09	3.266717040391795042e-09
-2.926520600825498259e-09	1.170185157106651482e-09	3.183786788836981364e-09
-2.970911588962011458e-09	1.156253431888743256e-09	3.105550506569503215e-09
-3.012649231181701141e-09	1.144047048762253755e-09	3.031694480644850156e-09
-3.051927936699381181e-09	1.133431481078103018e-09	2.961930235338232746e-09
-3.088923689516695964e-09	1.124283972401641022e-09	2.895991918494535749e-09
-3.123796084419002958e-09	1.116492127454608623e-09	2.833634452081846550e-09
-3.156689849879296707e-09	1.109952999881850901e-09	2.774631366331271243e-09
-3.187736788423657174e-09	1.104572268835942661e-09	2.718773599308388935e-09
-3.217057066226548074e-09	1.100263333220219739e-09	2.665867423571703952e-09
-3.244760115745279048e-09	1.096946621500135529e-09	2.615733535327181110e-09
-3.270946156870106985e-09	1.094548951474650018e-09	2.568205760093238453e-09
-3.295706735180019750e-09	1.093002939082469878e-09	2.523129584430794960e-09
-3.319125930929338823e-09	1.092246517305399219e-09	2.480361747936302704e-09
-3.341280629953769681e-09	1.092222350525718053e-09	2.439768728712552180e-09
-3.362241719646412934e-09	1.092877421893231277e-09	2.401226538902467691e-09
-3.382074384901875780e-09	1.094162943582336985e-09	2.364619372992786951e-09
-3.400838616621205083e-09	1.096033553730591266e-09	2.329839495403729709e-09
-3.418589737680400646e-09	1.098447322915126878e-09	2.296786078918411923e-09
-3.435378974926210800e-09	1.101365414609327187e-09	2.265365265282271150e-09
-3.451253536660808042e-09	1.104751742864177838e-09	2.235488949509098268e-09
-3.466257411655060837e-09	1.108572804849509804e-09	2.207075064375445583e-09
-3.480430945298127180e-09	1.112797522647335549e-09	2.180046374903699443e-09
-3.493812088019751078e-09	1.117396901858151575e-09	2.154330845660628090e-09
-3.506435640685916938e-09	1.122344081561092528e-09	2.129860751191414867e-09
-3.518334356494834741e-09	1.127613852291983044e-09	2.106572526601913915e-09
-3.529538448778433027e-09	1.133182869761388352e-09	2.084406552453166211e-09
-3.540076269625813860e-09	1.139029328263889196e-09	2.063306756468664659e-09
-3.549974190534625593e-09	1.145132816349200010e-09	2.043220345693257681e-09
-3.559256959069976512e-09	1.151474277039103683e-09	2.024097814819684508e-09
-3.567947520072267859e-09	1.158035895879961021e-09	2.005892357307778730e-09
-3.576067536768362345e-09	1.164801038030150260e-09	1.988559874636463600e-09
-3.583637249217793400e-09	1.171754166843597253e-09	1.972059030426921493e-09
-3.590675675772364303e-09	1.178880519129662694e-09	1.956350471436318480e-09
-3.597200509223656195e-09	1.186166453948086282e-09	1.941397365553167195e-09
-3.603228692731602602e-09	1.193599180604469637e-09	1.927164739364464948e-09
-3.608775904264290549e-09	1.201166559735193098e-09	1.913619507761434137e-09
-3.613856921584163058e-09	1.208857225432073911e-09	1.900730600227595122e-09
-3.618485886388196997e-09	1.216660632426717474e-09	1.888468422842990594e-09
-3.622675891212802948e-09	1.224566612001436321e-09	1.876805035920069856e-09
-3.625448978600377867e-09	1.230250066766507008e-09	1.868859494150108752e-09
-3.628023194599898026e-09	1.235943658528522766e-09	1.861188341408427927e-09
-3.631200424606789525e-09	1.244060308473279649e-09	1.850868278548603698e-09
-3.633978552334630270e-09	1.252249479111174427e-09	1.841061989897117160e-09
-3.636367973865660035e-09	1.260503515454485272e-09	1.831747464357368537e-09
-3.638378408277200490e-09	1.268815173297951689e-09	1.822903769136784530e-09
-3.640019169877811603e-09	1.277177570183998324e-09	1.814511002562451353e-09
-3.641299040994355565e-09	1.285584243689486805e-09	1.806550256148552616e-09
-3.642226336271956925e-09	1.294029097764775229e-09	1.799003734407710437e-09
-3.642809018785307123e-09	1.302506203818928808e-09	1.791854186324517890e-09
-3.643054651928713854e-09	1.311010233706598181e-09	1.785085524304731436e-09
-3.642970387388971893e-09	1.319535887963264474e-09	1.778682230206095680e-09
-3.642563146018716075e-09	1.328078318615001239e-09	1.772629737439863171e-09
-3.641839385152661930e-09	1.336632817391015804e-09	1.766913933221043356e-09
-3.640805449252754152e-09	1.345194978556253889e-09	1.761521560561512589e-09
-3.639467195208184880e-09	1.353760648951471529e-09	1.756439905094744726e-09
-3.637830324476633872e-09	1.362325695308812932e-09	1.751656894070462456e-09
-3.635900250783124874e-09	1.370886498301217449e-09	1.747160931671766552e-09
-3.633682288395347650e-09	1.379439353484580578e-09	1.742941102093430266e-09
-3.631181318131128874e-09	1.387980869590100932e-09	1.738986885972225584e-09
-3.628402135228797434e-09	1.396507732602067832e-09	1.735288294076511644e-09
-3.625349286051591525e-09	1.405016977762394100e-09	1.731835670935397998e-09
-3.622027158293566842e-09	1.413505415030311577e-09	1.728620023048564696e-09
-3.618440060082507984e-09	1.421970471001311672e-09	1.725632536864202871e-09
-3.614591830939756285e-09	1.430409209598106051e-09	1.722865034664573067e-09
-3.610486584241569673e-09	1.438819268358597651e-09	1.720309410896386767e-09
-3.606127853272868692e-09	1.447198009115381572e-09	1.717958155363543896e-09
-3.601519299919118251e-09	1.455543229463475597e-09	1.715803998880722105e-09
-3.596664453301806432e-09	1.463852560927112401e-09	1.713840022214240113e-09
-3.591566467379461242e-09	1.472123941729597701e-09	1.712059578135011264e-09
-3.586228637201643513e-09	1.480355202772755491e-09	1.710456336290195390e-09
-3.580654077406388439e-09	1.488544486745925707e-09	1.709024319285218933e-09
-3.574845709730621637e-09	1.496689843819920730e-09	1.707757555045395332e-09
-3.568806438795474136e-09	1.504789351921189147e-09	1.706650660145605645e-09
-3.562538896291964841e-09	1.512841391049240875e-09	1.705698321937312390e-09
-3.556045954922217117e-09	1.520844250535452418e-09	1.704895445884634150e-09
-3.549330051625723612e-09	1.528796268746009561e-09	1.704237170598479140e-09
-3.542393711234819758e-09	1.536695875177986527e-09	1.703718952953779727e-09
-3.535239363287417512e-09	1.544541586295805574e-09	1.703336289839621104e-09
-3.527869313809304204e-09	1.552332005068847786e-09	1.703085018150979916e-09
-3.520285797124270158e-09	1.560065602164876228e-09	1.702961040933576058e-09
-3.512490986494026201e-09	1.567741092038208911e-09	1.702960561918622986e-09
-3.504487090337065580e-09	1.575357184054517463e-09	1.703079850756689552e-09
-3.496275971977744471e-09	1.582912560749166826e-09	1.703315392666740138e-09
-3.487859767207560260e-09	1.590406021230897634e-09	1.703663843795779456e-09
-3.479240306044270945e-09	1.597836331301844067e-09	1.704122031450285894e-09
-3.470419509636162730e-09	1.605202382589290025e-09	1.704686850706466488e-09
-3.461399041467401784e-09	1.612502992243120929e-09	1.705355422848536916e-09
-3.452180794468382073e-09	1.619737114803386306e-09	1.706124939012312415e-09
-3.442766378462352405e-09	1.626903627094395001e-09	1.706992755710444423e-09
-3.433157488389842426e-09	1.634001500078202901e-09	1.707956415880624358e-09
-3.423355643868571597e-09	1.641029779194283195e-09	1.709013510801458602e-09
-3.413362439919088502e-09	1.647987330164844595e-09	1.710161775386748671e-09
-3.403179414662739240e-09	1.654873349003314702e-09	1.711398999251773566e-09
-3.392807909619056432e-09	1.661686784004695886e-09	1.712723274316380580e-09
-3.382249426364636875e-09	1.668426704200700648e-09	1.714132561817869793e-09
-3.371505361467660856e-09	1.675092254719666286e-09	1.715625088753268465e-09
-3.360576950976295066e-09	1.681682422945609552e-09	1.717199159719431509e-09
-3.349465607649383173e-09	1.688196416919461524e-09	1.718853113429532709e-09
-3.338172453737321347e-09	1.694633378762616935e-09	1.720585499886020057e-09
-3.326698875631244431e-09	1.700992380051138570e-09	1.722394909568313090e-09
-3.315045931743636253e-09	1.707272627669385919e-09	1.724279986153882214e-09
-3.303214841469453543e-09	1.713473274609709601e-09	1.726239507472213923e-09
-3.291206744637798421e-09	1.719593470395081524e-09	1.728272309061331800e-09
-3.279022702436715005e-09	1.725632407106886744e-09	1.730377437285848507e-09
-3.266663764027004495e-09	1.731589317766075179e-09	1.732553878489035388e-09
-3.254130982732762001e-09	1.737463352358143394e-09	1.734800791445655129e-09
-3.241425419742161508e-09	1.743253733726974357e-09	1.737117337821675934e-09
-3.228547976648732011e-09	1.748959689226685173e-09	1.739502862701115031e-09
-3.215499612870461514e-09	1.754580352420863654e-09	1.741956769975300940e-09
-3.202281325294850016e-09	1.760115000739217788e-09	1.744478462899218957e-09
-3.188893923922198289e-09	1.765562885359493915e-09	1.747067609215545695e-09
-3.175338312196492541e-09	1.770923196281477083e-09	1.749723679833620775e-09
-3.163007302578988870e-09	1.775667234989919893e-09	1.752169396890537888e-09
2.019362444526566228e-05	-3.806278961143976944e-08	1.366319635554736742e-05
-3.133543042636403504e-09	1.786542627724158796e-09	1.758091360745216459e-09
-3.119204439183686960e-09	1.791600321224280117e-09	1.761018172836513680e-09
-3.104701698971231300e-09	1.796566751269274869e-09	1.764011219908274405e-09
-3.090035619971835060e-09	1.801441005278946567e-09	1.767070667510941847e-09
-3.075206909952676852e-09	1.806222498940604524e-09	1.770196669977081722e-09
-3.060216286395385761e-09	1.810910292959310352e-09	1.773389588736330083e-09
-3.045064322452517766e-09	1.815503664533567407e-09	1.776649774694286652e-09
-3.029751811008592286e-09	1.820001890601864332e-09	1.779977729504210801e-09
-3.014279269704851940e-09	1.824404032389534320e-09	1.783373950908721630e-09
-2.998647391505581972e-09	1.828709466682761624e-09	1.786839150964871590e-09
-2.982856778244180010e-09	1.832917311208413811e-09	1.790374020304926702e-09
-2.966907948487317662e-09	1.837026692497080998e-09	1.793979345538343743e-09
-2.950801481863932563e-09	1.841036873703282431e-09	1.797656070008652767e-09
-2.934537976506678732e-09	1.844947091628197281e-09	1.801405179408319901e-09
-2.918117919063237487e-09	1.848756360818737220e-09	1.805227704097989933e-09
-2.901541755936016853e-09	1.852463961451543872e-09	1.809124966356320755e-09
-2.884810145857111536e-09	1.856069023996327253e-09	1.813098068643304846e-09
-2.867923383035700239e-09	1.859570661864879998e-09	1.817148572759448173e-09
-2.850882032297747815e-09	1.862967974215300907e-09	1.821277863476677050e-09
-2.833686483146497854e-09	1.866260187823512388e-09	1.825487472122140103e-09
-2.816337254148621552e-09	1.869446333730805813e-09	1.829779306833837052e-09
-2.798834627485730026e-09	1.872525542609372189e-09	1.834154928226781564e-09
-2.781179044009106583e-09	1.875496840469954778e-09	1.838616436357360730e-09
-2.763370967236639507e-09	1.878359349311027531e-09	1.843165810602738082e-09
-2.745410628464867811e-09	1.881112135273169396e-09	1.847805213931840516e-09
-2.727298427836672184e-09	1.883754205978903993e-09	1.852536929125113884e-09
-2.709034730800465863e-09	1.886284640983955135e-09	1.857363470085996007e-09
-2.690619801959402582e-09	1.888702420617863312e-09	1.862287316832991829e-09
-2.672053923495167905e-09	1.891006537700178949e-09	1.867311140898078623e-09
-2.653337462706474701e-09	1.893195981234009046e-09	1.872437875698604427e-09
-2.634470649039627699e-09	1.895269773298057838e-09	1.877670439039605761e-09
-2.615453651803424988e-09	1.897226796961551666e-09	1.883012039812417857e-09
-2.596286821180784024e-09	1.899065944777074172e-09	1.888466028808958032e-09
-2.576970315841077972e-09	1.900786292021364538e-09	1.894035744446730915e-09
-2.557504323134442651e-09	1.902386597557599351e-09	1.899725056893811411e-09
-2.537889139120350604e-09	1.903865797422047230e-09	1.905537667934449546e-09
-2.518124835038046707e-09	1.905222674301369653e-09	1.911477724598535540e-09
-2.498211530236706202e-09	1.906456182735704654e-09	1.917549369405883053e-09
-2.478149505972627849e-09	1.907565103098647474e-09	1.923757103038573419e-09
-2.457938765021436874e-09	1.908548132034677503e-09	1.930105638971638395e-09
-2.437579481780665431e-09	1.909404214138032206e-09	1.936599896418262950e-09
-2.417071688169226885e-09	1.910131923234717673e-09	1.943244875661042529e-09
-2.396415522502405175e-09	1.910730146557448127e-09	1.950046193503296100e-09
-2.375610942221651904e-09	1.911197506041894498e-09	1.957009297439330304e-09
-2.354658124037402100e-09	1.911532704114845471e-09	1.964140265014967879e-09
-2.333557014289064314e-09	1.911734418454572482e-09	1.971445305846519189e-09
-2.312307525083794520e-09	1.911801298752168635e-09	1.978930961923000998e-09
-2.290909840533639869e-09	1.911731902874235659e-09	1.986603967903592059e-09
-2.269363751546597856e-09	1.911524809735301951e-09	1.994471635532094666e-09
-2.247669337688652136e-09	1.911178707421826358e-09	2.002541522420453043e-09
-2.225826402820400972e-09	1.910692023580450918e-09	2.010821456103584109e-09
-2.203834916410652624e-09	1.910063317696749729e-09	2.019319790084507777e-09
-2.181694767437281233e-09	1.909291020655667323e-09	2.028045248634690813e-09
-2.159405873558569560e-09	1.908373645220791154e-09	2.037006962181867829e-09
-2.136967974797351182e-09	1.907309650032539626e-09	2.046214512182091020e-09
-2.114380998989129251e-09	1.906097412777518337e-09	2.055678086550686676e-09
-2.091644669503334235e-09	1.904735252393029703e-09	2.065408218528600928e-09
-2.068758784649449195e-09	1.903221688119116037e-09	2.075416046890921144e-09
-2.045723151988816832e-09	1.901554920469290489e-09	2.085713280095924370e-09
-2.022537496741185033e-09	1.899733265142656376e-09	2.096312313089735403e-09
-1.999201522847241728e-09	1.897755145622669774e-09	2.107225989302544980e-09
-1.975714830626536171e-09	1.895618619944072013e-09	2.118467947130153727e-09
-1.952077259096784470e-09	1.893322150910617593e-09	2.130052565348565072e-09
-1.928288294779837320e-09	1.890863764175694195e-09	2.141994983236498642e-09
-1.904347605533973134e-09	1.888241803656623698e-09	2.154310979376099023e-09
-1.880254789828531283e-09	1.885454369946847613e-09	2.167017326230414001e-09
-1.856009416526854502e-09	1.882499694090963713e-09	2.180131752904606813e-09
-1.831610994355402791e-09	1.879375836436979745e-09	2.193672789483725307e-09
-1.807059010761064788e-09	1.876081088166473206e-09	2.207660086683834985e-09
-1.782352982796874245e-09	1.872613435149889995e-09	2.222114407294629180e-09
-1.757492336847601842e-09	1.868971094091497635e-09	2.237057454557164374e-09
-1.732476497447646041e-09	1.865152203979950353e-09	2.252512556570152603e-09
-1.707304854899529717e-09	1.861154844592008572e-09	2.268503931923690101e-09
-1.681976775450942704e-09	1.856977235870089697e-09	2.285057483971313466e-09
-1.656491639227318596e-09	1.852617461291648126e-09	2.302200456198206098e-09
-1.630848592282247076e-09	1.848073790296692043e-09	2.319961737532839335e-09
-1.605047095232242888e-09	1.843344399343755767e-09	2.338371943300118551e-09
-1.579086297831550194e-09	1.838427522253093520e-09	2.357463425399043198e-09
-1.552965473809273787e-09	1.833321487213867154e-09	2.377270586402995535e-09
-1.526683702605489358e-09	1.828024653871558157e-09	2.397829793980111738e-09
-1.500240303283408318e-09	1.822535436457612830e-09	2.419179761144667918e-09
-1.473634321976375833e-09	1.816852427764298987e-09	2.441361547644792643e-09
-1.446864887159435900e-09	1.810974194678874193e-09	2.464418676073618445e-09
-1.419931197621520779e-09	1.804899560364787422e-09	2.488397711034974734e-09
-1.392832243059717395e-09	1.798627396095345225e-09	2.513347801177040305e-09
-1.365567125118562055e-09	1.792156681390550621e-09	2.539321624269369125e-09
-1.338134986150767657e-09	1.785486808403297876e-09	2.566375075877915389e-09
-1.310534898194923296e-09	1.778617249777650086e-09	2.594567919770686824e-09
-1.282765824117686579e-09	1.771547637289637651e-09	2.623963738420304044e-09
-1.254827053376288205e-09	1.764278214263092959e-09	2.654630564905866740e-09
-1.226717645982001354e-09	1.756809190715345965e-09	2.686641021228592063e-09
-1.198436775743757644e-09	1.749141436320958120e-09	2.720072822999992017e-09
-1.169983636824712338e-09	1.741276233387570098e-09	2.755009021378679877e-09
-1.141357693542255724e-09	1.733215193588938997e-09	2.791538757559081743e-09
-1.112558202972147185e-09	1.724960770517949402e-09	2.829757431617925041e-09
-1.083584822795621139e-09	1.716515890537457166e-09	2.869767476894797533e-09
-1.054437154257546022e-09	1.707884425550215174e-09	2.911678970614735177e-09
-1.025115095587562354e-09	1.699070925620388863e-09	2.955609998411833792e-09
-9.956188433875799802e-10	1.690081031605993139e-09	3.001687900553820948e-09
-9.659486289540901445e-10	1.680921477009717269e-09	3.050049568002303168e-09
-9.361052918932554265e-10	1.671600301696631798e-09	3.100842800585212788e-09
-9.060899091214098364e-10	1.662126986971366861e-09	3.154226858870246073e-09
-8.759040289370795377e-10	1.652512707228665350e-09	3.210373966204098416e-09
-8.455498583711189755e-10	1.642770544596500421e-09	3.269470287096502714e-09
-8.150302821529987609e-10	1.632915712831009826e-09	3.331717424170855407e-09
-7.843489052694635639e-10	1.622965822845051757e-09	3.397333742568206384e-09
-7.535103374589651420e-10	1.612941460023744328e-09	3.466556487234200800e-09
-7.225204291342720011e-10	1.602866292471644295e-09	3.539643011104185572e-09
-6.913861122503941447e-10	1.592767799133796722e-09	3.616873732921941493e-09
-6.601162473122539628e-10	1.582677578807854410e-09	3.698553634190484215e-09
-6.287214142826832132e-10	1.572632008876404836e-09	3.785015689761208525e-09
-5.972143636105267751e-10	1.562673165866895702e-09	3.876623420421660418e-09
-5.656106758881564197e-10	1.552849428672810848e-09	3.973774428955870701e-09
-5.339290449583422759e-10	1.543216351003930546e-09	4.076904113377776895e-09
-5.021917960183308161e-10	1.533838089873290530e-09	4.186490177674858640e-09
-4.704257770363898299e-10	1.524788393695592060e-09	4.303057538993671948e-09
-4.386632200999641418e-10	1.516152242642126786e-09	4.427183548464772121e-09
-4.069424963670812351e-10	1.508027525076732634e-09	4.559504764486056815e-09
-3.753094289053288372e-10	1.500527250601167096e-09	4.700723904571563250e-09
-3.438190445311437338e-10	1.493781694635511329e-09	4.851618333930531951e-09
-3.125368288244474964e-10	1.487941601411677627e-09	5.013049242386120865e-09
-2.815410946044326764e-10	1.483180867012384502e-09	5.185972874281296802e-09
-2.509255918788560595e-10	1.479701270771613969e-09	5.371452803844749713e-09
-2.208025045210197685e-10	1.477736577548688070e-09	5.570674551277004282e-09
-1.913062153136031459e-10	1.477558366399146920e-09	5.784962202789107158e-09
-1.625980276346681975e-10	1.479482399554167727e-09	6.015798169796899619e-09
-1.348717503420661029e-10	1.483876767756821353e-09	6.264845317516277062e-09
-1.083606362047484691e-10	1.491170938579723837e-09	6.533973997043460410e-09
-8.334585429222378128e-11	1.501867595103221432e-09	6.825292533929629873e-09
-6.016748627102352429e-11	1.516555662532213149e-09	7.141183942331159698e-09
-3.923716074272025729e-11	1.535927444488454740e-09	7.484348561274109922e-09
-2.105487497313289016e-11	1.560798240651811751e-09	7.857854971334500950e-09
-6.229418832622498076e-12	1.592130941900181117e-09	8.265200169647445375e-09
4.495706122191020878e-12	1.631065643659118897e-09	8.710381077525784621e-09
1.020984130573058610e-11	1.678956460896928388e-09	9.197980784433008012e-09
9.793261572059024678e-12	1.737416436646087480e-09	9.733270903145053715e-09
1.865057645359757070e-12	1.808373182680499591e-09	1.032233626907523015e-08
-1.528546641112650965e-11	1.894138412783526026e-09	1.097222505075383155e-08
-4.378540308103155684e-11	1.997494044244289057e-09	1.169113124181261419e-08
-8.629185236734128401e-11	2.121801151444565276e-09	1.248861826360270900e-08
-1.461390198668575016e-10	2.271135925620753163e-09	1.337589309591274257e-08
-2.271014600911093812e-10	2.450639778143441484e-09	1.436624161947085421e-08
-3.351458675397260951e-10	2.666146311132905578e-09	1.547511901585831576e-08
-4.767951922168851160e-10	2.925235252175076651e-09	1.672110058007868202e-08
-6.607475395529587371e-10	3.237150144238173540e-09	1.812628828793782126e-08
-8.982270661058383886e-10	3.613375348932036988e-09	1.971719494990131296e-08
-1.203834418724481510e-09	4.068249825905937548e-09	2.152578952122996866e-08
-1.596694410715976513e-09	4.619783259644348309e-09	2.359083646208412698e-08
-2.102057297207848994e-09	5.290732535412364643e-09	2.595961213769380255e-08
-2.753570758790948675e-09	6.110015735953214902e-09	2.869011067977814191e-08
-3.596989445360534024e-09	7.114229770103626042e-09	3.185370109903840343e-08
-4.692205324285702690e-09	8.352143441673298376e-09	3.553992521942817824e-08
-6.124067440804989940e-09	9.885136564857823316e-09	3.985973954789848456e-08
-8.010091433891003789e-09	1.179327161667432235e-08	4.495270216250048157e-08
-1.051337522780160332e-08	1.418338559192975216e-08	5.099635787542152133e-08
-1.386660963877596295e-08	1.719664211770801964e-08	5.821670371886099278e-08
-1.840573437064680862e-08	2.102104918281600030e-08	6.690302473503611484e-08
-2.462275265763267304e-08	2.590868942720101803e-08	7.742712581452601895e-08
-3.325010193983024966e-08	3.219874145088408449e-08	9.026732642284775594e-08
-4.539737965408867987e-08	4.034764314135126383e-08	1.060366573787019440e-07
-6.277712172135078992e-08	5.096601478996986530e-08	1.255110380386323226e-07
-8.808466419318903432e-08	6.485665958733145796e-08	1.496437680992284989e-07
-1.256486076591423977e-07	8.303266892939505598e-08	1.795285055006263530e-07
-1.825739748430779809e-07	1.066805095336265148e-07	2.162266787619778603e-07
-2.706973586785741945e-07	1.367509680309339819e-07	2.601291111015156201e-07
-4.100577777480903305e-07	1.730214065243102594e-07	3.093707938920768242e-07
-6.346152420159178134e-07	2.110880708302089735e-07	3.554727129632311342e-07
-1.000544767820747045e-06	2.346233198280431188e-07	3.722500134288148324e-07
-1.592665570437917997e-06	1.966966599450029599e-07	2.883523141428156190e-07
-2.504341891414657271e-06	-1.741332899725858528e-08	-7.507325992528484182e-08
-3.705663643645749845e-06	-6.257178640149245101e-07	-1.114720638680422205e-06
-4.640006652108709513e-06	-1.806631017305573867e-06	-3.493859713647289864e-06
-3.805415154863521438e-06	-2.841416048678575246e-06	-7.510958334853553840e-06
-1.022561450336748839e-06	-1.416752174458288740e-06	-1.130352407470913952e-05
1.560437277229906961e-07	6.729002545175365139e-07	-1.253548525009671946e-05
-9.631255069524587500e-04	4.073455660895240358e-04	-1.606142288854138544e-04
-9.988651096792286292e-04	3.630765741487635171e-04	-1.947024574618956149e-04
-1.032723674010297375e-03	3.147794694371516973e-04	-2.297303533937146121e-04
-1.064310293971302114e-03	2.628101756155254171e-04	-2.654370011105605231e-04
-1.093344561773319486e-03	2.076280729228677344e-04	-3.015721439143549394e-04
-1.859671289205943776e-04	3.121366254941280175e-05	-5.738786256856512222e-05
1.599604177412085885e-06	-1.524010926647524895e-06	-4.376698185185986879e-06
1.810102278791235969e-06	-1.123146800361781570e-06	-2.196659278879324337e-06
1.514358987797509307e-06	-6.341179258721301167e-07	-1.023894255380856369e-06
1.130006217135256531e-06	-3.171854722316968987e-07	-4.488919185289649956e-07
8.114951576450804820e-07	-1.443626325518352374e-07	-1.763236316472874071e-07
5.793747218726037125e-07	-5.607396264724822675e-08	-4.894477529382452304e-08
4.170339530558875140e-07	-1.255501391924285981e-08	9.340197454355025357e-09
3.043623872933675686e-07	8.032801975440198247e-09	3.456737466637598799e-08
2.256404947220688459e-07	1.701394704382396168e-08	4.390992713876345272e-08
1.699274789694159438e-07	2.017758104858979607e-08	4.567612084301543364e-08
1.298913569554772545e-07	2.048367674737749866e-08	4.394444514018359463e-08
1.006600914158868925e-07	1.945154295042908849e-08	4.073521364481965229e-08
7.898162370974728417e-08	1.786009600398177941e-08	3.704687692544334402e-08
6.266237182102492438e-08	1.610431702621755729e-08	3.336267633084126379e-08
5.020310118915774877e-08	1.437857380937051610e-08	2.990366015550223768e-08
4.056448545582602019e-08	1.277213631893189668e-08	2.675743108008601330e-08
3.301560904852204456e-08	1.131953899132421052e-08	2.394461689018513375e-08
2.703518104385525824e-08	1.002737064677760965e-08	2.145349375463445937e-08
2.224636574399426784e-08	8.888582878989038814e-09	1.925804454701776865e-08
1.836518138305845524e-08	7.888412008790415152e-09	1.732655098470505928e-08
1.519331853476011762e-08	7.013083623090117162e-09	1.562832152949654030e-08
1.258923074306162659e-08	6.250026313159318409e-09	1.413512193219432571e-08
1.042683160183229497e-08	5.583093113751659470e-09	1.281959498463292967e-08
8.617288264437928450e-09	4.999544852187435062e-09	1.165834749294884693e-08
7.091754420744229992e-09	4.488335231256373077e-09	1.063108751309109021e-08
5.796661025255428859e-09	4.039734517273070423e-09	9.720206003057338795e-09
4.689892907361342403e-09	3.645336229170713081e-09	8.910536474412084933e-09
3.738074938475235002e-09	3.297911158976311917e-09	8.189044369462874725e-09
2.914561514355395252e-09	2.991256190890911212e-09	7.544533538646291065e-09
2.197929671599049371e-09	2.720052757106600615e-09	6.967382928010011490e-09
1.570841168252462634e-09	2.479740281631975202e-09	6.449315948879157209e-09
1.019175419984348976e-09	2.266404588076780184e-09	5.983201519417986546e-09
5.313639824440978119e-10	2.076681719180117725e-09	5.562883691652903136e-09
9.787592958332459938e-11	1.907675684087457535e-09	5.183037108761723104e-09
-2.891830367760908858e-10	1.756888821461787205e-09	4.839044506765882935e-09
-6.363848781276737399e-10	1.622162260073173480e-09	4.526893180682276735e-09
-9.492272033210639597e-10	1.501625982817487383e-09	4.243087288006537945e-09
-1.232330019510882427e-09	1.393656462456154705e-09	3.984574077168618667e-09
-1.489592800033954405e-09	1.296841030858554000e-09	3.748681245974175145e-09
-1.724320960091088336e-09	1.209947651329798114e-09	3.533063813732097076e-09
-1.939327185877348222e-09	1.131899191042510925e-09	3.335659102636050656e-09
-2.137014304404168873e-09	1.061752149163675156e-09	3.154648837525967992e-09
-2.319442504727939364e-09	9.986778700306839877e-10	2.988426100099723846e-09
-2.488384510483078931e-09	9.419471591609137806e-10	2.835567882349443190e-09
-2.645370441219568865e-09	8.909168551044912241e-10	2.694811125173825874e-09
-2.791725932834360943e-09	8.450185477274896984e-10	2.565032521569448901e-09
-2.928602430933116670e-09	8.037487823446108601e-10	2.445230761390553803e-09
-3.057003460556680348e-09	7.666608884774725999e-10	2.334511592372309625e-09
-3.177806059961885208e-09	7.333574432906931280e-10	2.232074847174922218e-09
-3.291778863379069476e-09	7.034845409907126627e-10	2.137203017338336930e-09
-3.399597182466678619e-09	6.767262731669893215e-10	2.049251836740621002e-09
-3.501856145800761119e-09	6.528001306183052241e-10	1.967641263811444227e-09
-3.599081234891474901e-09	6.314528400164243552e-10	1.891848686967167506e-09
-3.691737875584831228e-09	6.124574717751133327e-10	1.821401982016197392e-09
-3.780238931142927195e-09	5.956097596608148378e-10	1.755874334818947156e-09
-3.864951714227529388e-09	5.807258303865620287e-10	1.694878984381815017e-09
-3.946203721202001281e-09	5.676399887170448067e-10	1.638064919817777926e-09
-4.024287442172550316e-09	5.562023822995144947e-10	1.585113334109013764e-09
-4.099464761171937016e-09	5.462776286879472974e-10	1.535733927989333168e-09
-4.171970463540134911e-09	5.377429557196241550e-10	1.489662322199756349e-09
-4.242015854324022255e-09	5.304871449525942740e-10	1.446657003449189838e-09
-4.309790866778125943e-09	5.244088441269686374e-10	1.406497413906457734e-09
-4.375467156185028283e-09	5.194162322474956421e-10	1.368981737230143593e-09
-4.439199590329990644e-09	5.154254042090892420e-10	1.333924852057563773e-09
-4.501128663310850345e-09	5.123599248572473968e-10	1.301157142215759567e-09
-4.561381557651379615e-09	5.101499371088890733e-10	1.270522736092817006e-09
-4.620073986346320012e-09	5.087316568008777523e-10	1.241878171594679908e-09
-4.677311113421305903e-09	5.080465825813025946e-10	1.215091641193493054e-09
-4.733188906554588201e-09	5.080412276055804790e-10	1.190041255353754402e-09
-4.787794819864186904e-09	5.086663886396318022e-10	1.166614969442633274e-09
-4.841208980921346936e-09	5.098769092123015334e-10	1.144708894340599956e-09
-4.893504613560472148e-09	5.116313632017976510e-10	1.124227287189568544e-09
-4.944749003773155415e-09	5.138914183078231673e-10	1.105081261683815991e-09
-4.995003792066642876e-09	5.166219489242232016e-10	1.087188674272063729e-09
-5.044325700661248147e-09	5.197904902794684832e-10	1.070473223026746711e-09
-5.092767009033216633e-09	5.233669978880583814e-10	1.054864011880896104e-09
-5.140375931393214776e-09	5.273238382989376451e-10	1.040295379469335835e-09
-5.187196899791875857e-09	5.316353357542899101e-10	1.026705995221814178e-09
-5.233271042441145794e-09	5.362777592369639170e-10	1.014039019420213313e-09
-5.278636454793742834e-09	5.412291596377628058e-10	1.002241363975053764e-09
-5.323328360525496464e-09	5.464691736160433123e-10	9.912634389245683904e-10
-5.367379549148251699e-09	5.519787460439593017e-10	9.810591959184394722e-10
-5.410820444473626463e-09	5.577404556718828701e-10	9.715854972410451163e-10
-5.453679246166447890e-09	5.637379248598289921e-10	9.628020066395290109e-10
-5.495982423793992821e-09	5.699558177270841307e-10	9.546709941095851099e-10
-5.537754477202858496e-09	5.763801880220874377e-10	9.471572591050317915e-10
-5.579018289939953373e-09	5.829976816122241873e-10	9.402276947752748160e-10
-5.619795399406770211e-09	5.897960804931086072e-10	9.338512888904929187e-10
-5.660105723929253669e-09	5.967638772030584663e-10	9.279990590785788563e-10
-5.699968079938205309e-09	6.038903266336625506e-10	9.226436281650795881e-10
-5.739400073719519319e-09	6.111654682339229184e-10	9.177594573195368550e-10
-5.778418193935784073e-09	6.185799668786058539e-10	9.133223224007886416e-10
-5.817037973532300538e-09	6.261249296812843578e-10	9.093097136370108795e-10
-5.855273851884688604e-09	6.337922853205690743e-10	9.057002148260583013e-10
-5.893139796523785179e-09	6.415743195968108697e-10	9.024737503600883088e-10
-5.930648447338725784e-09	6.494637901551455587e-10	8.996114297943368636e-10
-5.967812225874782559e-09	6.574540042011064767e-10	8.970954192462849185e-10
-6.004642528571304769e-09	6.655385501967264132e-10	8.949088146451968604e-10
-6.041150217110216940e-09	6.737115106532840335e-10	8.930358267692907978e-10
-6.077345615640460633e-09	6.819673733134621357e-10	8.914613843410074444e-10
-6.113238393279396353e-09	6.903007202889005698e-10	8.901713061115788113e-10
-6.148837814838162447e-09	6.987067868724519517e-10	8.891522305469036792e-10
-6.184152602043805295e-09	7.071807880028800848e-10	8.883914224637036751e-10
-6.219191024207154230e-09	7.157183882592357784e-10	8.878769340118148166e-10
-6.253960962524900078e-09	7.243155112727612943e-10	8.875973539490576434e-10
-6.288469917940357037e-09	7.329681935471443423e-10	8.875419612216156514e-10
-6.322724929730427732e-09	7.416728083538760362e-10	8.877005121717624320e-10
-6.356732939564572638e-09	7.504259306549251386e-10	8.880632969739616122e-10
-6.390500213263987811e-09	7.592242815916259138e-10	8.886212478816596900e-10
-6.424032990282069495e-09	7.680647784447130160e-10	8.893655191929078817e-10
-6.457337182556426299e-09	7.769444846742866012e-10	8.902879193121561753e-10
-6.490418316684754788e-09	7.858606580294756177e-10	8.913805591796288309e-10
-6.523281816569123734e-09	7.948108005084747625e-10	8.926359623684408383e-10
-6.555932806351384104e-09	8.037923863539030131e-10	8.940470234512344928e-10
-6.588376124290959345e-09	8.128030267358857247e-10	8.956070052246222070e-10
-6.620616513353129020e-09	8.218406621907122384e-10	8.973094628439458454e-10
-6.652658484281523982e-09	8.309030815241917046e-10	8.991482354966046408e-10
-6.684506290155513186e-09	8.399884861750244164e-10	9.011175102398789229e-10
-6.716164227537845747e-09	8.490948388839147333e-10	9.032117868438193104e-10
-6.747636025391177487e-09	8.582204345334699627e-10	9.054257075572905310e-10
-6.778925757770342943e-09	8.673636364697787168e-10	9.077542513965193125e-10
-6.810036905224882650e-09	8.765228691013773008e-10	9.101925814899099155e-10
-6.840973128715220476e-09	8.856965152033929981e-10	9.127361024393261491e-10
-6.871737768162287455e-09	8.948832619370992723e-10	9.153804344149358465e-10
-6.902334104737715992e-09	9.040817159726002395e-10	9.181214483122733868e-10
-6.932765262331540301e-09	9.132905459674522515e-10	9.209550029994569390e-10
-6.963034363446017969e-09	9.225086352223295753e-10	9.238773921819557077e-10
-6.993144279858038587e-09	9.317347042051962890e-10	9.268849336200716284e-10
-7.023097921739706115e-09	9.409677648175607450e-10	9.299741134579316178e-10
-7.052897876373260913e-09	9.502066735297072900e-10	9.331415778968154886e-10
-7.082546973902229148e-09	9.594504848016936020e-10	9.363842247885551915e-10
-7.112047659130230733e-09	9.686982715972937466e-10	9.396988622419552393e-10
-7.141402401378308007e-09	9.779490828254501961e-10	9.430826767668336337e-10
-7.170613615381159025e-09	9.872020922951427533e-10	9.465327558780722868e-10
-7.199683702922405984e-09	9.964564802918627432e-10	9.500464701976256842e-10
-7.228614736417215596e-09	1.005711484462308957e-09	9.536212393819962039e-10
-7.257409065838038533e-09	1.014966386862311109e-09	9.572545857835177097e-10
-7.286068715491522312e-09	1.024220452894301390e-09	9.609441973627412957e-10
-7.314595696731714921e-09	1.033472972940729798e-09	9.646877222972266435e-10
-7.342992080124555465e-09	1.042723431673076053e-09	9.684830271083945444e-10
-7.371259757212523144e-09	1.051971124099719146e-09	9.723280162502862252e-10
-7.399400570503245687e-09	1.061215571899572813e-09	9.762207181518469709e-10
-7.427416430505510751e-09	1.070456105238078671e-09	9.801591205338446483e-10
-7.455308972485316404e-09	1.079692262447495867e-09	9.841414507401832588e-10
-7.483080050515113272e-09	1.088923607765287360e-09	9.881658963317753913e-10
-7.510731232784921984e-09	1.098149537045090197e-09	9.922307891985262984e-10
-7.538264236439689170e-09	1.107369752377059616e-09	9.963344714073858457e-10
-7.565680605152012204e-09	1.116583711602285313e-09	1.000475383095004352e-09
-7.592981889995567881e-09	1.125791068701197922e-09	1.004651957921677985e-09
-7.620169546751514520e-09	1.134991386061068716e-09	1.008862783128768425e-09
-7.647245120016418512e-09	1.144184287131074753e-09	1.013106453358802999e-09
-7.674210033189123758e-09	1.153369532288140284e-09	1.017381604887886495e-09
-7.701065633802821764e-09	1.162546653388223037e-09	1.021686976225107512e-09
-7.727813317037784664e-09	1.171715381202239666e-09	1.026021273960642114e-09
-7.754454348548257884e-09	1.180875441875177415e-09	1.030383331897721752e-09
-7.780990174399731660e-09	1.190026464407508875e-09	1.034772000955515773e-09
-7.807421879372620740e-09	1.199168273013921745e-09	1.039186095970945309e-09
-7.833750844306810345e-09	1.208300550355668250e-09	1.043624630233297511e-09
-7.859978149819377889e-09	1.217423074388143464e-09	1.048086506472149352e-09
-7.886105105973493753e-09	1.226535516670368993e-09	1.052570813379435128e-09
-7.912132793386233693e-09	1.235637793010432605e-09	1.057076470800670120e-09
-7.938062357437685996e-09	1.244729576817727712e-09	1.061602610448930749e-09
-7.963894904187539606e-09	1.253810745967721230e-09	1.066148382541010235e-09
-7.989631489735018548e-09	1.262881030306077221e-09	1.070712904449546802e-09
-8.015273215977753254e-09	1.271940271626216009e-09	1.075295264404052660e-09
-8.040821079802224636e-09	1.280988302469296271e-09	1.079894823100931833e-09
-8.066276124355907534e-09	1.290025032167171772e-09	1.084510588278412724e-09
-8.091639340975445235e-09	1.299050123027005923e-09	1.089142069125400372e-09
-8.116911649758168736e-09	1.308063610205860938e-09	1.093788325190473936e-09
-8.142094133171528701e-09	1.317065234651697874e-09	1.098448819865838318e-09
-8.167187540153470957e-09	1.326054891818515067e-09	1.103122765355739180e-09
-8.192192921252534872e-09	1.335032478085497064e-09	1.107809590820504186e-09
-8.217111193790054813e-09	1.343997861150995241e-09	1.112508645391826336e-09
-8.241943084963866856e-09	1.352950876332214325e-09	1.117219352216562794e-09
-8.266689644856842425e-09	1.361891559710898990e-09	1.121941085406067439e-09
-8.291351617784519662e-09	1.370819626330384887e-09	1.126673317142287958e-09
-8.315929808192468528e-09	1.379735050284885871e-09	1.131415465020249763e-09
-8.340425129705260589e-09	1.388637851929076604e-09	1.136167059971206412e-09
-8.364838312290984606e-09	1.397527762033283752e-09	1.140927537168711010e-09
-8.389170141898581851e-09	1.406404817605535454e-09	1.145696414128825723e-09
-8.413421450729159849e-09	1.415268934453321220e-09	1.150473336042288648e-09
-8.437592897056032882e-09	1.424120026534957960e-09	1.155257601156118558e-09
-8.461685371829587257e-09	1.432957964323821120e-09	1.160049042011185026e-09
-8.485699483825716464e-09	1.441782806107228548e-09	1.164847023930485296e-09
-8.509635948672066106e-09	1.450594366847396392e-09	1.169651250854050927e-09
-8.533495620780486143e-09	1.459392747390044070e-09	1.174461225494857568e-09
-8.557279006690238176e-09	1.468177766398746556e-09	1.179276679086416631e-09
-8.580986918711766790e-09	1.476949411845618835e-09	1.184097091211307922e-09
-8.604619975335467234e-09	1.485707658751270518e-09	1.188922296261767506e-09
-8.628178872297438740e-09	1.494452477509122425e-09	1.193751766881353071e-09
-8.651664214672904396e-09	1.503183803356800406e-09	1.198585190820346416e-09
-8.675076688946083940e-09	1.511901576156584825e-09	1.203422365925128781e-09
-8.698416871511454763e-09	1.520605901380305866e-09	1.208262828215506426e-09
-8.721685453479151534e-09	1.529296547730853348e-09	1.213106383401935743e-09
-8.744882977474385294e-09	1.537973671565287135e-09	1.217952635042794985e-09
-8.768010076320561405e-09	1.546637114676171836e-09	1.222801356467031383e-09
-8.791067336126649090e-09	1.555286988086467936e-09	1.227652279371267686e-09
-8.814055353171189433e-09	1.563923213154716457e-09	1.232505068837702338e-09
-8.836974648800162291e-09	1.572545721417829005e-09	1.237359606443070711e-09
-8.859825832707282564e-09	1.581154572087031851e-09	1.242215467989132162e-09
-8.882609512279892044e-09	1.589749742958367099e-09	1.247072510535067911e-09
-8.905326077021239285e-09	1.598331172969571411e-09	1.251930498621079778e-09
-8.927976206014894742e-09	1.606898992571338861e-09	1.256789176895471661e-09
-8.950560373885002173e-09	1.615453026904226403e-09	1.261648319613430214e-09
-8.973079151004830816e-09	1.623993431398770554e-09	1.266507723233530471e-09
-8.995533003209277123e-09	1.632520025644420507e-09	1.271367187453574134e-09
-9.017922405114856592e-09	1.641033014106555559e-09	1.276226575345513953e-09
-9.040247892870607885e-09	1.649532254307252372e-09	1.281085531175932067e-09
-9.062510059979407985e-09	1.658017825811792528e-09	1.285944046155017657e-09
-9.084709232110539168e-09	1.666489657381570562e-09	1.290801832087924441e-09
-9.106845970847942306e-09	1.674947859112994451e-09	1.295658746032888999e-09
-9.128920779034008666e-09	1.683392331086704139e-09	1.300514634872203654e-09
-9.150933992507314456e-09	1.691823215780605181e-09	1.305369319119259320e-09
-9.172886226057759884e-09	1.700240405873858165e-09	1.310222602172617643e-09
-9.194777820149829472e-09	1.708643997585068782e-09	1.315074407703887952e-09
-9.216609279012748958e-09	1.717033912273983052e-09	1.319924540499274107e-09
-9.238381034708316945e-09	1.725410241534003318e-09	1.324772873808315895e-09
-9.260093557690586753e-09	1.733772969636418238e-09	1.329619244335286193e-09
-9.281747138471861371e-09	1.742122129888656066e-09	1.334463562800316048e-09
-9.303342352976380900e-09	1.750457785202613682e-09	1.339305658506047813e-09
-9.324879593024316864e-09	1.758779850461937104e-09	1.344145449111509953e-09
-9.346359180113780803e-09	1.767088433912623421e-09	1.348982731075242969e-09
-9.367781577766868870e-09	1.775383468942042484e-09	1.353817514112272019e-09
-9.389147208789523090e-09	1.783665059170254942e-09	1.358649591442983172e-09
-9.410456492294936165e-09	1.791933250857311945e-09	1.363478876563076864e-09
-9.431709671602980355e-09	1.800187988491300426e-09	1.368305273252644180e-09
-9.452907318945121625e-09	1.808429284100401947e-09	1.373128644584761180e-09
-9.474049697532710775e-09	1.816657239454291289e-09	1.377948936898063827e-09
-9.495137202886733663e-09	1.824871811070005814e-09	1.382766087743093458e-09
-9.516170238384181734e-09	1.833073097941656083e-09	1.387579918095798730e-09
-9.537149125530171098e-09	1.841261100069825260e-09	1.392390391411780654e-09
-9.558074260304256688e-09	1.849435783222639412e-09	1.397197409158747531e-09
-9.578946003063271762e-09	1.857597255646252172e-09	1.402000841347639900e-09
-9.599764647557805676e-09	1.865745495136993088e-09	1.406800738401683497e-09
-9.620530616593702849e-09	1.873880539626688915e-09	1.411596926847932053e-09
-9.641244213173428821e-09	1.882002474233234878e-09	1.416389343311755373e-09
-9.661905772210156452e-09	1.890111215689103835e-09	1.421177883246548985e-09
-9.682515644353438530e-09	1.898206892595933270e-09	1.425962559142927081e-09
-9.703074199211936521e-09	1.906289504953119340e-09	1.430743231759963941e-09
-9.723581655129503882e-09	1.914359111972553164e-09	1.435519900172472525e-09
-9.744038415952874698e-09	1.922415641490351246e-09	1.440292476488255252e-09
-9.764444782363301782e-09	1.930459216555413765e-09	1.445060873276636445e-09
-9.784801102234824363e-09	1.938489866774509324e-09	1.449825052605610679e-09
-9.805107640860318811e-09	1.946507617126831444e-09	1.454584992270100674e-09
-9.825364708643816464e-09	1.954512447259119732e-09	1.459340541928023978e-09
-9.845572586837631140e-09	1.962504428409852683e-09	1.464091826941443169e-09
-9.865731707045157800e-09	1.970483631819176385e-09	1.468838579469676258e-09
-9.885842161780779198e-09	1.978450007526216466e-09	1.473580939215162186e-09
-9.905904429137439190e-09	1.986403613818311863e-09	1.478318767400492508e-09
-9.925918705948435681e-09	1.994344565418510303e-09	1.483051970119304518e-09
-9.945885247561889286e-09	2.002272777209076412e-09	1.487780668570470903e-09
-9.965804394219136013e-09	2.010188365764279441e-09	1.492504686969312776e-09
-9.985676469730978516e-09	2.018091293150643856e-09	1.497223987382574634e-09
-1.000550162375048158e-08	2.025981677792817537e-09	1.501938612832036148e-09
-1.002528027908331922e-08	2.033859467879530939e-09	1.506648490227375673e-09
-1.004501256364070608e-08	2.041724720773172535e-09	1.511353524737684116e-09
-1.006469881117916175e-08	2.049577477181050582e-09	1.516053780200142591e-09
-1.008433928029241542e-08	2.057417824071507799e-09	1.520749183525713445e-09
-1.010393431930864998e-08	2.065245699456216792e-09	1.525439709271138704e-09
-1.012348399831499453e-08	2.073061165323508263e-09	1.530125285735163961e-09
-1.014298871791261430e-08	2.080864305864412669e-09	1.534805936509377127e-09
-1.016244866360559098e-08	2.088655134032417517e-09	1.539481603307722839e-09
-1.018186419158615159e-08	2.096433585063623954e-09	1.544152330538466585e-09
-1.020123538581815921e-08	2.104199843995871252e-09	1.548817966009027550e-09
-1.022056258607612884e-08	2.111953830337992442e-09	1.553478594836506245e-09
-1.023984608957274313e-08	2.119695613478250756e-09	1.558134165672590606e-09
-1.025908598327983799e-08	2.127425247078328283e-09	1.562784634571616110e-09
-1.027828264536276036e-08	2.135142679326911635e-09	1.567430009396996994e-09
-1.029743621182820753e-08	2.142848095262080381e-09	1.572070222148240658e-09
-1.031654695837718001e-08	2.150541390336920681e-09	1.576705296416916607e-09
-1.033561518569947208e-08	2.158222642267960280e-09	1.581335266898166032e-09
-1.035464093496145241e-08	2.165891876959483784e-09	1.585959949479330704e-09
-1.037362466390323295e-08	2.173549122167988702e-09	1.590579530586035416e-09
-1.039256637321428529e-08	2.181194419525914083e-09	1.595193813153015796e-09
-1.041146639943539083e-08	2.188827815293480026e-09	1.599802934108457645e-09
-1.043032499721951919e-08	2.196449322422357551e-09	1.604406797232351131e-09
-1.044914228314453122e-08	2.204058904831233151e-09	1.609005343313484459e-09
-1.046791855349674839e-08	2.211656730902993684e-09	1.613598661631607469e-09
-1.048665392855366964e-08	2.219242718296803271e-09	1.618186700839419944e-09
-1.050534873328683220e-08	2.226816936401603434e-09	1.622769464637666733e-09
-1.052400307825258770e-08	2.234379458306364203e-09	1.627346830901296319e-09
-1.054261718526872814e-08	2.241930175765292185e-09	1.631918977266685158e-09
-1.056119131962780563e-08	2.249469254385700707e-09	1.636485751077472946e-09
-1.057972558888717389e-08	2.256996720998937047e-09	1.641047155109913772e-09
-1.059822031084366691e-08	2.264512483085455189e-09	1.645603242098902710e-09
-1.061667553846869034e-08	2.272016682199654685e-09	1.650153991691051363e-09
-1.063509160459333066e-08	2.279509309088709747e-09	1.654699346524134626e-09
-1.065346857375383543e-08	2.286990425741042894e-09	1.659239363497786773e-09
-1.067180676259052105e-08	2.294459946113396290e-09	1.663773938065299933e-09
-1.069010627958597582e-08	2.301918055243917332e-09	1.668303142854471922e-09
-1.070836734516117818e-08	2.309364673565642986e-09	1.672826969075326896e-09
-1.072659013256173724e-08	2.316799858441078770e-09	1.677345401925603452e-09
-1.074477484000415571e-08	2.324223625597398091e-09	1.681858392832330198e-09
-1.076292162269178765e-08	2.331635987062758313e-09	1.686365994994229675e-09
-1.078103066589310888e-08	2.339037032580189355e-09	1.690868156138303016e-09
-1.079910220113242922e-08	2.346426754747456643e-09	1.695364915584408377e-09
-1.081713637482501348e-08	2.353805149864814975e-09	1.699856184515425215e-09
-1.083513334632951448e-08	2.361172247537210677e-09	1.704342090606277826e-09
-1.085309327871455629e-08	2.368528137508675795e-09	1.708822532549840899e-09
-1.087101639355752742e-08	2.375872751314449172e-09	1.713297509420201130e-09
-1.088890283496075340e-08	2.383206197202287101e-09	1.717767079504796512e-09
-1.090675280114066745e-08	2.390528451116343038e-09	1.722231129005035753e-09
-1.092456640682496067e-08	2.397839523234678614e-09	1.726689774957662715e-09
-1.094234384398504292e-08	2.405139518102275375e-09	1.731142954449304209e-09
-1.096008532541832478e-08	2.412428339500827272e-09	1.735590604568059009e-09
-1.097779098851023330e-08	2.419706090124938049e-09	1.740032906649615745e-09
-1.099546095122664339e-08	2.426972825486788776e-09	1.744469652527898039e-09
-1.101309541640986845e-08	2.434228493774937856e-09	1.748900943047421139e-09
-1.103069459269283526e-08	2.441473111643507629e-09	1.753326750453167364e-09
-1.104825849603500444e-08	2.448706813244448419e-09	1.757747098799970374e-09
-1.106578744145862782e-08	2.455929458873914251e-09	1.762161947379090269e-09
-1.108328154022201573e-08	2.463141243747164548e-09	1.766571317007959427e-09
-1.110074088807718713e-08	2.470342040187504020e-09	1.770975255332896849e-09
-1.111816567307289101e-08	2.477531902781949031e-09	1.775373608311212133e-09
-1.113555609458194585e-08	2.484710981409553418e-09	1.779766554965612039e-09
-1.115291229832586504e-08	2.491879112313478432e-09	1.784153961144905388e-09
-1.117023431298066114e-08	2.499036435195727918e-09	1.788535897625050357e-09
-1.118752247115540536e-08	2.506182974112197638e-09	1.792912318610109055e-09
-1.120477683066944678e-08	2.513318667074368292e-09	1.797283273596760915e-09
-1.122199749144763443e-08	2.520443580696691483e-09	1.801648708924991651e-09
-1.123918466835959867e-08	2.527557750135156776e-09	1.806008663451840287e-09
-1.125633852771228798e-08	2.534661160587865898e-09	1.810363105721756670e-09
-1.127345916016911795e-08	2.541753908273069477e-09	1.814712036196562561e-09
-1.129054668808951677e-08	2.548835951558213898e-09	1.819055475693518904e-09
-1.130760138278424368e-08	2.555907271939584428e-09	1.823393445491901759e-09
-1.132462321071169560e-08	2.562967972111994086e-09	1.827725853997728306e-09
-1.134161247302469109e-08	2.570018048375790316e-09	1.832052765512193657e-09
-1.135856920186860860e-08	2.577057479450603733e-09	1.836374235545669216e-09
-1.137549357002674270e-08	2.584086305120524245e-09	1.840690108667713182e-09
-1.139238572390491014e-08	2.591104591072646719e-09	1.845000519492083785e-09
-1.140924579280268864e-08	2.598112280871737171e-09	1.849305429161760611e-09
-1.142607390994197769e-08	2.605109433728584499e-09	1.853604826111132875e-09
-1.144287023654128286e-08	2.612096107005820367e-09	1.857898714041733728e-09
-1.145963491669342538e-08	2.619072244265995603e-09	1.862187098966479663e-09
-1.147636795317884218e-08	2.626037893619890086e-09	1.866469927225384314e-09
-1.149306967744047997e-08	2.632993113353094096e-09	1.870747314465884628e-09
-1.150974006103376800e-08	2.639937880337082667e-09	1.875019143652766615e-09
-1.152637932067858912e-08	2.646872158488483444e-09	1.879285495276401494e-09
-1.154298758451686527e-08	2.653796130069753250e-09	1.883546326778838922e-09
-1.155956492610087613e-08	2.660709627622255487e-09	1.887801597914495829e-09
-1.157611150016425958e-08	2.667612809351920079e-09	1.892051445147681954e-09
-1.159262751511006228e-08	2.674505579040553888e-09	1.896295724150210514e-09
-1.160911291912293628e-08	2.681388084716755193e-09	1.900534503847619079e-09
-1.162556801173674721e-08	2.688260224611221027e-09	1.904767769437743854e-09
-1.164199285447140371e-08	2.695122069036932652e-09	1.908995583832411821e-09
-1.165838755904805676e-08	2.701973659628399962e-09	1.913217782349353590e-09
-1.167475221358568956e-08	2.708814937172578751e-09	1.917434583794209431e-09
-1.169108705632463526e-08	2.715646050625544800e-09	1.921645822096934563e-09
-1.170739208032102032e-08	2.722466859357891207e-09	1.925851553230455035e-09
-1.172366751456332980e-08	2.729277503999027768e-09	1.930051789223007207e-09
-1.173991335233897155e-08	2.736077921635153848e-09	1.934246499080042537e-09
-1.175612988878723550e-08	2.742868202010462795e-09	1.938435726286120744e-09
-1.177231709360327464e-08	2.749648311817095394e-09	1.942619463438928673e-09
-1.178847511528317956e-08	2.756418260307787685e-09	1.946797661966828967e-09
-1.180460412614281994e-08	2.763178170532259996e-09	1.950970414388408528e-09
-1.182070420990773986e-08	2.769927876881361002e-09	1.955137619857785814e-09
-1.183677546858471757e-08	2.776667534787493958e-09	1.959299322322120886e-09
-1.185281804487862810e-08	2.783397167379122619e-09	1.963455581917659760e-09
-1.186883202876884340e-08	2.790116689540333477e-09	1.967606275132927969e-09
-1.188481753358557595e-08	2.796826237272259381e-09	1.971751541207557730e-09
-1.190077473696957302e-08	2.803525719907877408e-09	1.975891315841972311e-09
-1.191670363128297972e-08	2.810215229964578772e-09	1.980025543986772140e-09
-1.193260444967770944e-08	2.816894756341330816e-09	1.984154323712500151e-09
-1.194847725829946666e-08	2.823564337894738917e-09	1.988277611997170086e-09
-1.196432209786151865e-08	2.830223971850448399e-09	1.992395413004964246e-09
-1.198013917398132676e-08	2.836873684112457663e-09	1.996507726735034769e-09
-1.199592858334591356e-08	2.843513464504931023e-09	2.000614611474940624e-09
-1.201169038932540049e-08	2.850143385191153092e-09	2.004715956664119840e-09
-1.202742473116409458e-08	2.856763400837927152e-09	2.008811839556230982e-09
-1.204313170138058562e-08	2.863373604889026317e-09	2.012902292532780727e-09
-1.205881141955129564e-08	2.869973970513145081e-09	2.016987232326398268e-09
-1.207446399762885051e-08	2.876564473656673596e-09	2.021066737116147173e-09
-1.209008950106500312e-08	2.883145185557697857e-09	2.025140762492245527e-09
-1.210568808390835015e-08	2.889716147850808412e-09	2.029209356102628021e-09
-1.212125983427768786e-08	2.896277327228084420e-09	2.033272472612322806e-09
-1.213680487545919278e-08	2.902828801406371262e-09	2.037330180948542495e-09
-1.215232321600566594e-08	2.909370474165103034e-09	2.041382346495877389e-09
-1.216781506501428593e-08	2.915902470405609950e-09	2.045429173258677880e-09
-1.218328048377343356e-08	2.922424775323675978e-09	2.049470505342256351e-09
-1.219871958169152400e-08	2.928937440730953648e-09	2.053506368190096597e-09
-1.221413246330936360e-08	2.935440390760955528e-09	2.057536887626599942e-09
-1.222951918206163874e-08	2.941933755866137378e-09	2.061561919323649914e-09
-1.224487986053026434e-08	2.948417463880749583e-09	2.065581545159316198e-09
-1.226021469092651281e-08	2.954891552738352876e-09	2.069595735990904154e-09
-1.227552360386144674e-08	2.961356113107162563e-09	2.073604518186211115e-09
-1.229080681281778097e-08	2.967811086699523721e-09	2.077607888969017112e-09
-1.230606440939414976e-08	2.974256490170045072e-09	2.081605883034675922e-09
-1.232129641301421304e-08	2.980692387355284450e-09	2.085598412489645793e-09
-1.233650299229834328e-08	2.987118761603165133e-09	2.089585621663807160e-09
-1.235168423143319476e-08	2.993535661947265556e-09	2.093567424976579048e-09
-1.236684019171759390e-08	2.999943114294064423e-09	2.097543791435127245e-09
-1.238197097005949163e-08	3.006341044627416535e-09	2.101514807080842641e-09
-1.239707672605872186e-08	3.012729564896089389e-09	2.105480462662761429e-09
-1.241215745624055524e-08	3.019108648268411036e-09	2.109440757717394460e-09
-1.242721327255776821e-08	3.025478407618340976e-09	2.113395649224497518e-09
-1.244224438941688911e-08	3.031838679186694576e-09	2.117345200558401563e-09
-1.245725070042684421e-08	3.038189672991952196e-09	2.121289433924469046e-09
-1.247223243549101342e-08	3.044531275234959437e-09	2.125228240149865821e-09
-1.248718961728043046e-08	3.050863555305627277e-09	2.129161806585405168e-09
-1.250212239035538940e-08	3.057186518755072575e-09	2.133089976874679246e-09
-1.251703076997746187e-08	3.063500249774230663e-09	2.137012856950786615e-09
-1.253191493771970261e-08	3.069804610511714140e-09	2.140930370024210918e-09
-1.254677486744027436e-08	3.076099847990837963e-09	2.144842614163741468e-09
-1.256161075042669558e-08	3.082385732766821072e-09	2.148749544498777340e-09
-1.257642262483753086e-08	3.088662427671060817e-09	2.152651157790253378e-09
-1.259121055289688924e-08	3.094929992841953053e-09	2.156547463753537397e-09
-1.260597467684673065e-08	3.101188286724744194e-09	2.160438502170702640e-09
-1.262071497772611337e-08	3.107437474003836930e-09	2.164324274430448455e-09
-1.263543170926188403e-08	3.113677550977164163e-09	2.168204796722605256e-09
-1.265012478842399365e-08	3.119908391820776209e-09	2.172079987631741340e-09
-1.266479435699178487e-08	3.126130265762427756e-09	2.175949976220358283e-09
-1.267944055120427196e-08	3.132342962786261437e-09	2.179814685698957099e-09
-1.269406339811773702e-08	3.138546605015475470e-09	2.183674146597742290e-09
-1.270866296319313284e-08	3.144741193376257370e-09	2.187528415816340684e-09
-1.272323933709868091e-08	3.150926772277530437e-09	2.191377421190257087e-09
-1.273779261720612242e-08	3.157103323214570364e-09	2.195221219155128321e-09
-1.275232289372650441e-08	3.163270881345783325e-09	2.199059790745578986e-09
-1.276683024228833818e-08	3.169429492929115088e-09	2.202893175743663711e-09
-1.278131466775428933e-08	3.175579109856251596e-09	2.206721398205154181e-09
-1.279577634613551962e-08	3.181719782085876020e-09	2.210544336467169504e-09
-1.281021536741180635e-08	3.187851529973432510e-09	2.214362197309690257e-09
-1.282463164715448205e-08	3.193974434008732284e-09	2.218174841491302063e-09
-1.283902546107439399e-08	3.200088373918975192e-09	2.221982298156303876e-09
-1.285339673561379813e-08	3.206193490331047302e-09	2.225784675087901570e-09
-1.286774562805976611e-08	3.212289751789995893e-09	2.229581833046572528e-09
-1.288207214997163910e-08	3.218377165695939197e-09	2.233373880740703872e-09
-1.289637650512708650e-08	3.224455747778408085e-09	2.237160803368274081e-09
-1.291065858619905823e-08	3.230525592404985455e-09	2.240942630996870355e-09
-1.292491856388846632e-08	3.236586662569268372e-09	2.244719270646029645e-09
-1.293915655870077408e-08	3.242638913862338497e-09	2.248490871733268368e-09
-1.295337256161127891e-08	3.248682408270610368e-09	2.252257379671902272e-09
-1.296756664941593014e-08	3.254717263294071325e-09	2.256018775033987873e-09
-1.298173890953926308e-08	3.260743375310519768e-09	2.259775107316007526e-09
-1.299588940813759824e-08	3.266760746171715718e-09	2.263526378831888154e-09
-1.301001828236419955e-08	3.272769507252659544e-09	2.267272572002134260e-09
-1.302412550215607438e-08	3.278769608594709020e-09	2.271013691916234299e-09
-1.303821113342716113e-08	3.284761050196467867e-09	2.274749838955885832e-09
-1.305227535081184561e-08	3.290743859814910047e-09	2.278480917827914844e-09
-1.306631815893049899e-08	3.296718128116847968e-09	2.282206960450262763e-09
-1.308033957744888537e-08	3.302683717250993489e-09	2.285927996892441638e-09
-1.309433973889430413e-08	3.308640839083500715e-09	2.289643999860495574e-09
-1.310831869993997117e-08	3.314589350211971263e-09	2.293355097031047485e-09
-1.312227653922109509e-08	3.320529333901720397e-09	2.297061092263719563e-09
-1.313621329883782725e-08	3.326460795704922939e-09	2.300762214542743932e-09
-1.315012899960685104e-08	3.332383789282360593e-09	2.304458273742428205e-09
-1.316402383280613754e-08	3.338298257271444293e-09	2.308149442409197990e-09
-1.317789772188216753e-08	3.344204247783260805e-09	2.311835620623964340e-09
-1.319175084839705046e-08	3.350101882015732386e-09	2.315516879625052719e-09
-1.320558317049174488e-08	3.355990981409416431e-09	2.319193173154157124e-09
-1.321939482902017189e-08	3.361871664386672424e-09	2.322864557184033617e-09
-1.323318587811133504e-08	3.367744011440101667e-09	2.326531065947548541e-09
-1.324695631220848314e-08	3.373607940226729193e-09	2.330192615251797874e-09
-1.326070630502090305e-08	3.379463507184328432e-09	2.333849275411899070e-09
-1.327443585422998104e-08	3.385310710461088905e-09	2.337501098699858795e-09
-1.328814498805953983e-08	3.391149582439956583e-09	2.341147974094370511e-09
-1.330183382793456316e-08	3.396980122194301825e-09	2.344789999201544605e-09
-1.331550241711315435e-08	3.402802326024827760e-09	2.348427202703140900e-09
-1.332915078820244392e-08	3.408616330857591650e-09	2.352059498555874677e-09
-1.334277908299142108e-08	3.414421971085413341e-09	2.355686957074622268e-09
-1.335638720849891018e-08	3.420219386411358778e-09	2.359309625906455615e-09
-1.336997536733634529e-08	3.426008592562494247e-09	2.362927473594301519e-09
-1.338354359952370878e-08	3.431789509049109031e-09	2.366540411783917918e-09
-1.339709185070062971e-08	3.437562220986840772e-09	2.370148615334422362e-09
-1.341062034754335202e-08	3.443326774636445585e-09	2.373752044926426739e-09
-1.342412900516035936e-08	3.449083090430473639e-09	2.377350600638846528e-09
-1.343761796511080550e-08	3.454831308073458711e-09	2.380944434203175114e-09
-1.345108721674932924e-08	3.460571278609005728e-09	2.384533476229459334e-09
-1.346453688613823278e-08	3.466303189851317446e-09	2.388117746147617152e-09
-1.347796698067326849e-08	3.472026952055889494e-09	2.391697259684791782e-09
-1.349137759727339542e-08	3.477742561523457263e-09	2.395272041359426390e-09
-1.350476875605565764e-08	3.483450145003001969e-09	2.398842074054562545e-09
-1.351814051785677881e-08	3.489149587772961087e-09	2.402407400792364765e-09
-1.353149295101910604e-08	3.494840984200805021e-09	2.405967974849923268e-09
-1.354482612308552631e-08	3.500524338913579456e-09	2.409523815194316622e-09
-1.355813998328646963e-08	3.506199624155710433e-09	2.413074982425219603e-09
-1.357143477609796689e-08	3.511866920417245744e-09	2.416621435833682415e-09
-1.358471042103462813e-08	3.517526177739645735e-09	2.420163218441877432e-09
-1.359796697071061130e-08	3.523177412774757170e-09	2.423700265948356427e-09
-1.361120453268456548e-08	3.528820665307072383e-09	2.427232733785375832e-09
-1.362442310683504400e-08	3.534455993621797013e-09	2.430760456806225847e-09
-1.363762279516959275e-08	3.540083331107055712e-09	2.434283521516820072e-09
-1.365080368245255237e-08	3.545702713843587923e-09	2.437801994992095765e-09
-1.366396563395955073e-08	3.551314203820356724e-09	2.441315774074868278e-09
-1.367710896667656976e-08	3.556917692789104965e-09	2.444824937867489011e-09
-1.369023353870905545e-08	3.562513349135172090e-09	2.448329437798741230e-09
-1.370333946488986995e-08	3.568101054433251784e-09	2.451829359909866516e-09
-1.371642678882423465e-08	3.573680921557538465e-09	2.455324698650794807e-09
-1.372949557654144490e-08	3.579252881117570668e-09	2.458815373066717369e-09
-1.374254587939370196e-08	3.584817021932332369e-09	2.462301452547358648e-09
-1.375557774364030239e-08	3.590373255183983997e-09	2.465782970399409881e-09
-1.376859113782053007e-08	3.595921740003344315e-09	2.469259892852799871e-09
-1.378158629277412016e-08	3.601462311708863165e-09	2.472732268943430189e-09
-1.379456304496860208e-08	3.606995164588035851e-09	2.476200034369830691e-09
-1.380752164074058738e-08	3.612520138585245757e-09	2.479663237705313771e-09
-1.382046195217724842e-08	3.618037371551646194e-09	2.483121890976238916e-09
-1.383338415599497136e-08	3.623546793174654189e-09	2.486576030728505209e-09
-1.384628828641973876e-08	3.629048476542407628e-09	2.490025603762867123e-09
-1.385917428806194861e-08	3.634542430908312154e-09	2.493470613781128298e-09
-1.387204232224497645e-08	3.640028616487826633e-09	2.496911172267122410e-09
-1.388489244263551461e-08	3.645507059187706458e-09	2.500347147382928626e-09
-1.389772456792693996e-08	3.650977802490133207e-09	2.503778631646067198e-09
-1.391053887090363067e-08	3.656440810314414174e-09	2.507205587124984961e-09
-1.392333537387977142e-08	3.661896189055364833e-09	2.510628063316057150e-09
-1.393611404794774734e-08	3.667343808262948929e-09	2.514046009334862651e-09
-1.394887503477665113e-08	3.672783786360957382e-09	2.517459533428148187e-09
-1.396161836882519259e-08	3.678216130749702811e-09	2.520868549552824253e-09
-1.397434399204390926e-08	3.683640736884750853e-09	2.524273031804760925e-09
-1.398705214763507808e-08	3.689057784250587636e-09	2.527673126824840236e-09
-1.399974264154692666e-08	3.694467166452411332e-09	2.531068691672925003e-09
-1.401241569581809428e-08	3.699868900141993850e-09	2.534459860037293180e-09
-1.402507129484204192e-08	3.705263037131319418e-09	2.537846517195977754e-09
-1.403770953760767696e-08	3.710649613501057165e-09	2.541228763993156277e-09
-1.405033031980627677e-08	3.716028552462361992e-09	2.544606519013555864e-09
-1.406293385410895304e-08	3.721399937280378349e-09	2.547979944626210096e-09
-1.407552014190947863e-08	3.726763721697398283e-09	2.551348836366130311e-09
-1.408808911971097328e-08	3.732119967699287085e-09	2.554713349200860804e-09
-1.410064100979534349e-08	3.737468640130571762e-09	2.558073459539249795e-09
-1.411317567083444057e-08	3.742809772296350400e-09	2.561429109556092573e-09
-1.412569328682911089e-08	3.748143395654137914e-09	2.564780426465261160e-09
-1.413819388044641105e-08	3.753469478747616318e-09	2.568127274727029428e-09
-1.415067742288541098e-08	3.758788035453373183e-09	2.571469730205816443e-09
-1.416314401453480619e-08	3.764099101855259388e-09	2.574807795215681889e-09
-1.417559369817840622e-08	3.769402689053899788e-09	2.578141502137033535e-09
-1.418802648110809104e-08	3.774698772996069173e-09	2.581470832929846387e-09
-1.420044243744833262e-08	3.779987338877185897e-09	2.584795773715232487e-09
-1.421284160455955726e-08	3.785268525476737734e-09	2.588116333283558728e-09
-1.422522404303538519e-08	3.790542180137446620e-09	2.591432506082606858e-09
-1.423758973842584792e-08	3.795808422209901865e-09	2.594744370291686532e-09
-1.424993878451559474e-08	3.801067248916929761e-09	2.598051885664106669e-09
-1.426227123878786809e-08	3.806318550163032436e-09	2.601354954131273998e-09
-1.427458706538563913e-08	3.811562510983759939e-09	2.604653756103322012e-09
-1.428688636250034033e-08	3.816799034236220543e-09	2.607948224505385417e-09
-1.429916917372526680e-08	3.822028111592114996e-09	2.611238305675574504e-09
-1.431143551745305574e-08	3.827249860551268925e-09	2.614524087044785184e-09
-1.432368544792272902e-08	3.832464228378088494e-09	2.617805525591876990e-09
-1.433591903417170373e-08	3.837671135505365824e-09	2.621082665262341150e-09
-1.434813622185142104e-08	3.842870723950764210e-09	2.624355431117239698e-09
-1.436033718755061332e-08	3.848062974746336549e-09	2.627623934177757163e-09
-1.437252186315859364e-08	3.853247813416260966e-09	2.630888114770525808e-09
-1.438469033274549962e-08	3.858425323225623183e-09	2.634147948376999069e-09
-1.439684265194426498e-08	3.863595515740889704e-09	2.637403547870973905e-09
-1.440897883057884897e-08	3.868758394198564322e-09	2.640654831834970926e-09
-1.442109885489325620e-08	3.873913881347277693e-09	2.643901790555664214e-09
-1.443320292067379727e-08	3.879062129378451338e-09	2.647144490182715890e-09
-1.444529096316361057e-08	3.884203081857401761e-09	2.650382881219810276e-09
-1.445736296778486533e-08	3.889336649039445509e-09	2.653617004836588795e-09
-1.446941912351293150e-08	3.894463028453420270e-09	2.656846845768615283e-09
-1.448145930775452039e-08	3.899582039686424390e-09	2.660072420205510462e-09
-1.449348369456484251e-08	3.904693893219485632e-09	2.663293736474796448e-09
-1.450549223791590911e-08	3.909798345266132388e-09	2.666510737677544552e-09
-1.451748499319858449e-08	3.914895650251224321e-09	2.669723582019682630e-09
-1.452946209919693236e-08	3.919985668010773491e-09	2.672932077526283656e-09
-1.454142338405148988e-08	3.925068473945756140e-09	2.676136361586308396e-09
-1.455336910971169916e-08	3.930143979702594845e-09	2.679336400894206296e-09
-1.456529911854281460e-08	3.935212333771946425e-09	2.682532128372860892e-09
-1.457721364809251642e-08	3.940273439010972093e-09	2.685723745251338561e-09
-1.458911257623005715e-08	3.945327368970267393e-09	2.688911013293137669e-09
-1.460099598310587648e-08	3.950374062126655474e-09	2.692094062025423537e-09
-1.461286392873518859e-08	3.955413589717762831e-09	2.695272938631527497e-09
-1.462471648667649522e-08	3.960445898547088939e-09	2.698447565396986446e-09
-1.463655364073280919e-08	3.965471100560434610e-09	2.701617963137332317e-09
-1.464837535760367869e-08	3.970489047729752882e-09	2.704784176262636950e-09
-1.466018186441598905e-08	3.975499905661619238e-09	2.707946109477605025e-09
-1.467197301083172030e-08	3.980503571199080640e-09	2.711103870104660628e-09
-1.468374896546600225e-08	3.985500098928105003e-09	2.714257439640087371e-09
-1.469550965880954936e-08	3.990489519841142312e-09	2.717406811144124050e-09
-1.470725522929955709e-08	3.995471805721725976e-09	2.720551952699015769e-09
-1.471898563772500917e-08	4.000446923261462422e-09	2.723692937855879193e-09
-1.473070094318842522e-08	4.005414968681385324e-09	2.726829746261786459e-09
-1.474240121148736928e-08	4.010375888319006923e-09	2.729962307138856814e-09
-1.475408641579773560e-08	4.015329749252011955e-09	2.733090684326078347e-09
-1.476575667523091354e-08	4.020276503831617455e-09	2.736214990694960034e-09
-1.477741195255446810e-08	4.025216145120642611e-09	2.739335017617258184e-09
-1.478905233449827327e-08	4.030148740193346806e-09	2.742450873338550298e-09
-1.480067776752350066e-08	4.035074272860694548e-09	2.745562655929705221e-09
-1.481228846615131260e-08	4.039992771801728371e-09	2.748670202556843235e-09
-1.482388423031658179e-08	4.044904126921052974e-09	2.751773607590092059e-09
-1.483546531397650644e-08	4.049808543608204233e-09	2.754872841884925264e-09
-1.484703161906612502e-08	4.054705897889571387e-09	2.757967975293754909e-09
-1.485858322931476348e-08	4.059596155070685744e-09	2.761058887079827232e-09
-1.487012010111828570e-08	4.064479483996668888e-09	2.764145737299412733e-09
-1.488164243524836026e-08	4.069355745891373205e-09	2.767228422332873659e-09
-1.489315012183282474e-08	4.074225049924996614e-09	2.770306917199012230e-09
-1.490464322668186759e-08	4.079087274437334153e-09	2.773381365765409631e-09
-1.491612181859983946e-08	4.083942616953828761e-09	2.776451631103377754e-09
-1.492758587261307405e-08	4.088790893364235302e-09	2.779517800644162823e-09
-1.493903551199622856e-08	4.093632244295060582e-09	2.782579848018783396e-09
-1.495047070425851541e-08	4.098466634128394635e-09	2.785637782017690739e-09
-1.496189146095838408e-08	4.103294037882472235e-09	2.788691595238211044e-09
-1.497329791024045476e-08	4.108114468974237363e-09	2.791741319600445093e-09
-1.498468999762802514e-08	4.112928027322010931e-09	2.794786943538379676e-09
-1.499606776395131259e-08	4.117734575074854280e-09	2.797828426345027894e-09
-1.500743129686528342e-08	4.122534283852987307e-09	2.800865854524075750e-09
-1.501878059683732115e-08	4.127326987586867329e-09	2.803899215586407903e-09
-1.503011568965699491e-08	4.132112807475842250e-09	2.806928430428634840e-09
-1.504143658179578862e-08	4.136891747219334257e-09	2.809953615623277567e-09
-1.505274340764336736e-08	4.141663750382768214e-09	2.812974674027017945e-09
-1.506403609618529284e-08	4.146428911333337832e-09	2.815991708796880150e-09
-1.507531465159132961e-08	4.151187148656453890e-09	2.819004660259576681e-09
-1.508657930734882933e-08	4.155938553481153600e-09	2.822013559407632384e-09
-1.509782981320144782e-08	4.160683068447685953e-09	2.825018365071479455e-09
-1.510906642599747055e-08	4.165420681064268778e-09	2.828019129522914868e-09
-1.512028910457257195e-08	4.170151557403538413e-09	2.831015853688328798e-09
-1.513149779849767606e-08	4.174875480970226287e-09	2.834008521838356222e-09
-1.514269268911565805e-08	4.179592599333256071e-09	2.836997138137540919e-09
-1.515387372044632219e-08	4.184302921280113175e-09	2.839981755320267387e-09
-1.516504088104695152e-08	4.189006401941066040e-09	2.842962253113585340e-09
-1.517619428574977290e-08	4.193703093587329305e-09	2.845938848934958063e-09
-1.518733390992656886e-08	4.198392935157977807e-09	2.848911308713274320e-09
-1.519845987732094846e-08	4.203075990953429106e-09	2.851879790192723130e-09
-1.520957207945000740e-08	4.207752289190507960e-09	2.854844293834985427e-09
-1.522067061913151164e-08	4.212421769733926647e-09	2.857804682251178198e-09
-1.523175555846206859e-08	4.217084478841183428e-09	2.860761177715985416e-09
-1.524282690762521789e-08	4.221740460460402447e-09	2.863713613003282682e-09
-1.525388462023952314e-08	4.226389635023801760e-09	2.866662066058757787e-09
-1.526492879357164380e-08	4.231032055731368460e-09	2.869606485073224856e-09
-1.527595953412709899e-08	4.235667798909133892e-09	2.872546946604590501e-09
-1.528697665803170852e-08	4.240296681372102410e-09	2.875483452273153891e-09
-1.529798043716795407e-08	4.244918961245321010e-09	2.878415927368931968e-09
-1.530897071715196444e-08	4.249534437302675522e-09	2.881344435268381962e-09
-1.531994761165942246e-08	4.254143216401321201e-09	2.884269021304383782e-09
-1.533091116915347369e-08	4.258745286978247504e-09	2.887189540917875851e-09
-1.534186132208901102e-08	4.263340702229825917e-09	2.890106209213339587e-09
-1.535279821306520901e-08	4.267929332631398715e-09	2.893018857113982862e-09
-1.536372181259177189e-08	4.272511337314934857e-09	2.895927555859117967e-09
-1.537463212089508244e-08	4.277086667244218027e-09	2.898832333203394075e-09
-1.538552924264334606e-08	4.281655279399927142e-09	2.901733134562081148e-09
-1.539641313457756112e-08	4.286217226515832932e-09	2.904629990002482664e-09
-1.540728384469831051e-08	4.290772588622337948e-09	2.907522940927904092e-09
-1.541814142434684196e-08	4.295321215374911491e-09	2.910411955418193779e-09
-1.542898587746176603e-08	4.299863246941042130e-09	2.913297058454610302e-09
-1.543981720137659654e-08	4.304398614855143591e-09	2.916178172551597077e-09
-1.545063554459024142e-08	4.308927321432014644e-09	2.919055440651611117e-09
-1.546144077872658572e-08	4.313449488331759338e-09	2.921928793827061788e-09
-1.547223303817545663e-08	4.317964955961655876e-09	2.924798148349875492e-09
-1.548301229910672702e-08	4.322473876050343870e-09	2.927663701052095303e-09
-1.549377862282056169e-08	4.326976135726991392e-09	2.930525350395822031e-09
-1.550453193703020610e-08	4.331471797439799790e-09	2.933383042256434513e-09
-1.551527244805706718e-08	4.335960919476861565e-09	2.936236845792511501e-09
-1.552600001504159407e-08	4.340443434299610929e-09	2.939086833399847741e-09
-1.553671476276327078e-08	4.344919336818137568e-09	2.941932879946116629e-09
-1.554741665942545324e-08	4.349388681620258144e-09	2.944775082114493513e-09
-1.555810572711032679e-08	4.353851502473402666e-09	2.947613339289761538e-09
-1.556878210772490442e-08	4.358307743405683611e-09	2.950447823557746093e-09
-1.557944564525308246e-08	4.362757391000046981e-09	2.953278438697860593e-09
-1.559009651340514868e-08	4.367200535463973856e-09	2.956105104451491212e-09
-1.560073465446598865e-08	4.371637093066283748e-09	2.958927989895092588e-09
-1.561136011516413698e-08	4.376067182232628319e-09	2.961746994878557465e-09
-1.562197295886817324e-08	4.380490685925131710e-09	2.964562136053968768e-09
-1.563257312914841508e-08	4.384907687412388540e-09	2.967373473790966897e-09
-1.564316073991171250e-08	4.389318175127706485e-09	2.970180940549720065e-09
-1.565373578144860954e-08	4.393722115303203895e-09	2.972984593692699463e-09
-1.566429823236418884e-08	4.398119605545989565e-09	2.975784411015446336e-09
-1.567484814400292415e-08	4.402510576928781399e-09	2.978580382571578279e-09
-1.568538563443998740e-08	4.406895007246647082e-09	2.981372586307684713e-09
-1.569591054420649730e-08	4.411273026491016568e-09	2.984160874195935809e-09
-1.570642306573108118e-08	4.415644508833796410e-09	2.986945435666228576e-09
-1.571692314697537657e-08	4.420009489432989118e-09	2.989726152064112780e-09
-1.572741078065019181e-08	4.424368078384766716e-09	2.992503013674498950e-09
-1.573788608599891609e-08	4.428720117485178310e-09	2.995276155345138996e-09
-1.574834900553431662e-08	4.433065733019263498e-09	2.998045447779396215e-09
-1.575879955313753295e-08	4.437404901858318643e-09	3.000810964530183910e-09
-1.576923785532437400e-08	4.441737588844335445e-09	3.003572681773326078e-09
-1.577966380605548988e-08	4.446063822198321717e-09	3.006330572217760717e-09
-1.579007752466977602e-08	4.450383638924872178e-09	3.009084729536634403e-09
-1.580047901475568421e-08	4.454697020983808806e-09	3.011835083879056262e-09
-1.581086820345146349e-08	4.459003968836774484e-09	3.014581687054790783e-09
-1.582124527245059449e-08	4.463304419111389570e-09	3.017324471527199098e-09
-1.583161014622467131e-08	4.467598573032725986e-09	3.020063464356039107e-09
-1.584196286802612116e-08	4.471886194678387689e-09	3.022798783733801766e-09
-1.585230342780368712e-08	4.476167433468750248e-09	3.025530227278015355e-09
-1.586263188267745952e-08	4.480442268121679074e-09	3.028257979098730621e-09
-1.587294830851605700e-08	4.484710734720375711e-09	3.030981953616901422e-09
-1.588325259186518008e-08	4.488972713914908459e-09	3.033702204955253435e-09
-1.589354487798915942e-08	4.493228358826406835e-09	3.036418606596560362e-09
-1.590382515207487108e-08	4.497477603763803850e-09	3.039131390297939515e-09
-1.591409336636297444e-08	4.501720424210631646e-09	3.041840306259856382e-09
-1.592434967339009748e-08	4.505956893718205412e-09	3.044545558947736375e-09
-1.593459401245109948e-08	4.510186955390476704e-09	3.047247011667315614e-09
-1.594482640284905397e-08	4.514410651783112018e-09	3.049944757860419201e-09
-1.595504688564247688e-08	4.518628002325976794e-09	3.052638811868076354e-09
-1.596525544163035881e-08	4.522838913111740938e-09	3.055329061279554507e-09
-1.597545219907679464e-08	4.527043498866343585e-09	3.058015596533725282e-09
-1.598563709170514214e-08	4.531241674007201156e-09	3.060698425261417510e-09
-1.599581010725668060e-08	4.535433547706241206e-09	3.063377478998876711e-09
-1.600597136289330175e-08	4.539619041325565978e-09	3.066052901845758276e-09
-1.601612081373325428e-08	4.543798185393410041e-09	3.068724515239233536e-09
-1.602625850025683831e-08	4.547970984536667710e-09	3.071392475073772147e-09
-1.603638449474077303e-08	4.552137367052465580e-09	3.074056667782154951e-09
-1.604649869507792665e-08	4.556297467558256896e-09	3.076717160211026042e-09
-1.605660123911074186e-08	4.560451237016279342e-09	3.079373946344711108e-09
-1.606669212244799470e-08	4.564598595398927891e-09	3.082027041449432195e-09
-1.607677127592862448e-08	4.568739726817213648e-09	3.084676402272093329e-09
-1.608683886170172986e-08	4.572874384249434242e-09	3.087322080856371203e-09
-1.609689480065363616e-08	4.577002816105070328e-09	3.089964039498969417e-09
-1.610693914829892576e-08	4.581124911362793035e-09	3.092602265710536886e-09
-1.611697192961417829e-08	4.585240600632687252e-09	3.095236893873658846e-09
-1.612699316681416290e-08	4.589350026396304950e-09	3.097867679972545648e-09
-1.613700280021408269e-08	4.593453142391422187e-09	3.100494909193757878e-09
-1.614700097495246738e-08	4.597549925950982343e-09	3.103118357411019877e-09
-1.615698766016156034e-08	4.601640309539359432e-09	3.105738087538954913e-09
-1.616696285085816086e-08	4.605724528613411419e-09	3.108354210366584384e-09
-1.617692657306656875e-08	4.609802288502424667e-09	3.110966611171523965e-09
-1.618687891351950353e-08	4.613873817263729515e-09	3.113575311694976940e-09
-1.619681981509708993e-08	4.617939004340564887e-09	3.116180330442652375e-09
-1.620674927431952801e-08	4.621997926520408138e-09	3.118781652378288156e-09
-1.621666742430138725e-08	4.626050502387886711e-09	3.121379310577942674e-09
-1.622657420062313856e-08	4.630096733792386202e-09	3.123973297639463659e-09
-1.623646962792823939e-08	4.634136740085840916e-09	3.126563536311829183e-09
-1.624635376958153707e-08	4.638170453264131273e-09	3.129150131139043476e-09
-1.625622656602765209e-08	4.642197783122623347e-09	3.131733069863059553e-09
-1.626608812227171706e-08	4.646218859648937928e-09	3.134312306917806603e-09
-1.627593844202486785e-08	4.650233626409710871e-09	3.136887869135678289e-09
-1.628577748271816339e-08	4.654242120871997032e-09	3.139459710486674178e-09
-1.629560530934589756e-08	4.658244299552058083e-09	3.142027972524228089e-09
-1.630542201212411357e-08	4.662240232766999191e-09	3.144592479927630050e-09
-1.631522744740728647e-08	4.666229794688564785e-09	3.147153339553836794e-09
-1.632502173952073842e-08	4.670213108830059466e-09	3.149710469987163500e-09
-1.633480494674769810e-08	4.674190126155636668e-09	3.152264020413156605e-09
-1.634457700711115851e-08	4.678160824001230859e-09	3.154813841647613427e-09
-1.635433794951272752e-08	4.682125270827608331e-09	3.157360021812470212e-09
-1.636408780679999210e-08	4.686083471261692347e-09	3.159902473709632345e-09
-1.637382666096405410e-08	4.690035296701651862e-09	3.162441297258498137e-09
-1.638355437474093478e-08	4.693980870662795739e-09	3.164976430011044498e-09
-1.639327118115134678e-08	4.697920173713222019e-09	3.167507930020661768e-09
-1.640297688880095947e-08	4.701853202153187570e-09	3.170035719109819560e-09
-1.641267167266205037e-08	4.705779893994237199e-09	3.172559842611947443e-09
-1.642235543583189634e-08	4.709700359336496853e-09	3.175080268841459854e-09
-1.643202831973778864e-08	4.713614514910230402e-09	3.177597122002528431e-09
-1.644169023486798862e-08	4.717522363028398621e-09	3.180110201329820793e-09
-1.645134122702971051e-08	4.721423999450756262e-09	3.182619689318281147e-09
-1.646098132778440778e-08	4.725319277994919647e-09	3.185125424058350754e-09
-1.647061061010962013e-08	4.729208332351252055e-09	3.187627556356002192e-09
-1.648022899339501529e-08	4.733091083415353158e-09	3.190126029542921418e-09
-1.648983657005407158e-08	4.736967543217665821e-09	3.192620758041457330e-09
-1.649943330503483186e-08	4.740837738585552381e-09	3.195111916478399325e-09
-1.650901925269548331e-08	4.744701649628527738e-09	3.197599309871509308e-09
-1.651859441835232236e-08	4.748559236562585943e-09	3.200083093188735652e-09
-1.652815884214584664e-08	4.752410656209767624e-09	3.202563193111145497e-09
-1.653771251400409656e-08	4.756255649977588505e-09	3.205039624902258904e-09
-1.654725545220301564e-08	4.760094486633552537e-09	3.207512386018497144e-09
-1.655678770588956975e-08	4.763926999180596109e-09	3.209981489180481492e-09
-1.656630925911489612e-08	4.767753208438449093e-09	3.212446883505042772e-09
-1.657582015604602563e-08	4.771573140771861485e-09	3.214908631208876813e-09
-1.658532038546507891e-08	4.775386824398998080e-09	3.217366719108083710e-09
-1.659481002336354735e-08	4.779194176056187636e-09	3.219821129163596759e-09
-1.660428899681461726e-08	4.782995302599340501e-09	3.222271904625797126e-09
-1.661375741036782009e-08	4.786790097633103949e-09	3.224718946269187634e-09
-1.662321520272605491e-08	4.790578662464305091e-09	3.227162311685899970e-09
-1.663266252915770373e-08	4.794360887461485281e-09	3.229602084838614350e-09
-1.664209921161167648e-08	4.798136882718698133e-09	3.232038090633843594e-09
-1.665152544386013701e-08	4.801906573759502216e-09	3.234470513415557268e-09
-1.666094112239436215e-08	4.805669954106572888e-09	3.236899201452585831e-09
-1.667034634390692816e-08	4.809427062158195840e-09	3.239324244027433426e-09
-1.667974111503695537e-08	4.813177896060927326e-09	3.241745553014077952e-09
-1.668912538519189045e-08	4.816922429910585723e-09	3.244163287545175752e-09
-1.669849925133922149e-08	4.820660699788393958e-09	3.246577272528612767e-09
-1.670786267474746699e-08	4.824392659438140862e-09	3.248987613900244548e-09
-1.671721575584643500e-08	4.828118325047497078e-09	3.251394250364432605e-09
-1.672655840269578130e-08	4.831837703555352373e-09	3.253797252929189677e-09
-1.673589067075952435e-08	4.835550809767771530e-09	3.256196516125409282e-09
-1.674521266272259817e-08	4.839257642293886743e-09	3.258592188674636266e-09
-1.675452428161752791e-08	4.842958109078733849e-09	3.260984094560955884e-09
-1.676382560648630477e-08	4.846652348899157779e-09	3.263372347118939436e-09
-1.677311659559063581e-08	4.850340229919275458e-09	3.265756980813846761e-09
-1.678239737318383218e-08	4.854021871947554578e-09	3.268137831191805444e-09
-1.679166785571361434e-08	4.857697207909053330e-09	3.270515069644190900e-09
-1.680092807879605675e-08	4.861366210972346268e-09	3.272888586073188738e-09
-1.681017811321862264e-08	4.865028974121720083e-09	3.275258488496340137e-09
-1.681941789611575420e-08	4.868685369678418564e-09	3.277624599275868636e-09
-1.682864755464626092e-08	4.872335457780559221e-09	3.279987095122969029e-09
-1.683786695997442646e-08	4.875979313367155292e-09	3.282345903409853426e-09
-1.684707625268144217e-08	4.879616776384172971e-09	3.284701011648610863e-09
-1.685627542761019760e-08	4.883247980980442873e-09	3.287052464014766945e-09
-1.686546441571868648e-08	4.886872895237051220e-09	3.289400151105093322e-09
-1.687464328843048386e-08	4.890491453006333116e-09	3.291744228121620142e-09
-1.688381217283220622e-08	4.894103727837440673e-09	3.294084540324910157e-09
-1.689297087567925560e-08	4.897709620736528233e-09	3.296421233201139728e-09
-1.690211958044394798e-08	4.901309312576385055e-09	3.298754188325816487e-09
-1.691125818895174687e-08	4.904902572526275725e-09	3.301083472777024700e-09
-1.692038685529310595e-08	4.908489555551696026e-09	3.303409002823334896e-09
-1.692950543687736067e-08	4.912070233898115072e-09	3.305730932277598106e-09
-1.693861404917566214e-08	4.915644538638139925e-09	3.308049135776426403e-09
-1.694771270810047058e-08	4.919212566456834388e-09	3.310363565906159602e-09
-1.695680138328329901e-08	4.922774256288789148e-09	3.312674401456849576e-09
-1.696588007987409782e-08	4.926329562800944800e-09	3.314981468494259759e-09
-1.697494890877590659e-08	4.929878558619341399e-09	3.317284834787547837e-09
-1.698400779910721495e-08	4.933421263176033103e-09	3.319584555156096376e-09
-1.699305679098709987e-08	4.936957539077767734e-09	3.321880496602317856e-09
-1.700209589569126394e-08	4.940487575525051466e-09	3.324172768298141488e-09
-1.701112515006453857e-08	4.944011177769421508e-09	3.326461342027524197e-09
-1.702014452003764395e-08	4.947528469320028362e-09	3.328746220563898353e-09
-1.702915406210836919e-08	4.951039404381226750e-09	3.331027316940501565e-09
-1.703815384936276687e-08	4.954543955658977234e-09	3.333304777335988996e-09
-1.704714374835366810e-08	4.958042193933166066e-09	3.335578499750751158e-09
-1.705612392612405330e-08	4.961534040559827292e-09	3.337848491121550723e-09
-1.706509425540666958e-08	4.965019548275611055e-09	3.340114800715244710e-09
-1.707405490145920337e-08	4.968498685160546442e-09	3.342377385278682551e-09
-1.708300578062108065e-08	4.971971435489650420e-09	3.344636190228035422e-09
-1.709194691809269297e-08	4.975437780293436502e-09	3.346891338379588730e-09
-1.710087833642908512e-08	4.978897797288574706e-09	3.349142770984753154e-09
-1.710980004661319399e-08	4.982351410146170817e-09	3.351390430912587421e-09
-1.711871212342254070e-08	4.985798633672383914e-09	3.353634345226920817e-09
-1.712761450526350321e-08	4.989239478503665622e-09	3.355874618009019504e-09
-1.713650723359596533e-08	4.992673920585181868e-09	3.358111106317666826e-09
-1.714539032415904660e-08	4.996101952056045037e-09	3.360343877462281758e-09
-1.715426376867293709e-08	4.999523611770868241e-09	3.362572919644596971e-09
-1.716312762114901695e-08	5.002938846995123053e-09	3.364798210429570909e-09
-1.717198189609747671e-08	5.006347715089263583e-09	3.367019782197991430e-09
-1.718082657346432829e-08	5.009750083754916017e-09	3.369237550066209071e-09
-1.718966165080998113e-08	5.013146062160807547e-09	3.371451670388480174e-09
-1.719848723424534619e-08	5.016535677138397535e-09	3.373661988890781491e-09
-1.720730327785440522e-08	5.019918775105762272e-09	3.375868549750017953e-09
-1.721610973076294658e-08	5.023295481891388113e-09	3.378071408479498905e-09
-1.722490677672500083e-08	5.026665783614278618e-09	3.380270470708109387e-09
-1.723369422983970594e-08	5.030029572953943235e-09	3.382465799117910011e-09
-1.724247221720079214e-08	5.033386953992718498e-09	3.384657353462594750e-09
-1.725124081075248513e-08	5.036737870760078422e-09	3.386845181391399451e-09
-1.725999985580425140e-08	5.040082346382451070e-09	3.389029261622885599e-09
-1.726874952154944317e-08	5.043420316096824741e-09	3.391209490767531709e-09
-1.727748977451894649e-08	5.046751802573477095e-09	3.393386037905221908e-09
-1.728622055884362291e-08	5.050076892776654650e-09	3.395558745983488694e-09
-1.729494196091637621e-08	5.053395399819888168e-09	3.397727762801495258e-09
-1.730365398934931460e-08	5.056707499024820681e-09	3.399892917430430131e-09
-1.731235666942264264e-08	5.060013046065691114e-09	3.402054378950181992e-09
-1.732104993751876630e-08	5.063312115416728190e-09	3.404211966716039265e-09
-1.732973389997992255e-08	5.066604715868275227e-09	3.406365845411808656e-09
-1.733840850493418760e-08	5.069890739172506861e-09	3.408515893374823099e-09
-1.734707380674731238e-08	5.073170231591957229e-09	3.410662148771179515e-09
-1.735572981494919177e-08	5.076443253260464837e-09	3.412804618074998872e-09
-1.736437654093487400e-08	5.079709709347561063e-09	3.414943315164795656e-09
-1.737301392560440533e-08	5.082969611879577685e-09	3.417078162786822794e-09
-1.738164211248835248e-08	5.086222978438297353e-09	3.419209215297934059e-09
-1.739026101246864530e-08	5.089469797455644695e-09	3.421336469920387058e-09
-1.739887068111425162e-08	5.092710050427902082e-09	3.423459906068794667e-09
-1.740747111010962402e-08	5.095943657329749987e-09	3.425579554970369001e-09
-1.741606233731843226e-08	5.099170806895844662e-09	3.427695316008959320e-09
-1.742464434244812272e-08	5.102391280783411292e-09	3.429807304833527066e-09
-1.743321723304783524e-08	5.105605194177000279e-09	3.431915452285698216e-09
-1.744178086271805617e-08	5.108812470752042733e-09	3.434019764381374972e-09
-1.745033533703446762e-08	5.112013118369353476e-09	3.436120186301101561e-09
-1.745888072163116449e-08	5.115207247127138569e-09	3.438216847340331820e-09
-1.746741691305707812e-08	5.118394639143037714e-09	3.440309651279004422e-09
-1.747594400846789009e-08	5.121575406367812329e-09	3.442398526186118650e-09
-1.748446196217138082e-08	5.124749549260782571e-09	3.444483639980707007e-09
-1.749297087889074668e-08	5.127917027577454353e-09	3.446564813408743745e-09
-1.750147060151413771e-08	5.131077830677097043e-09	3.448642176458106488e-09
-1.750996136487647543e-08	5.134232006672656082e-09	3.450715644013902057e-09
-1.751844296334401793e-08	5.137379391340361260e-09	3.452785197570207559e-09
-1.752691558270563691e-08	5.140520190071469818e-09	3.454850967346930574e-09
-1.753537912368853825e-08	5.143654169722433633e-09	3.456912743791685099e-09
-1.754383370140932690e-08	5.146781517177508411e-09	3.458970680483113005e-09
-1.755227914610013400e-08	5.149902122803266814e-09	3.461024746890817886e-09
-1.756071570032938456e-08	5.153015935713387281e-09	3.463074822971196862e-09
-1.756914323724219839e-08	5.156123068321246875e-09	3.465121063463798849e-09
-1.757756174289173134e-08	5.159223434118673380e-09	3.467163408460624676e-09
-1.758597135629089988e-08	5.162316957241524005e-09	3.469201744627145642e-09
-1.759437196045777370e-08	5.165403732982842487e-09	3.471236198713084115e-09
-1.760276366243603562e-08	5.168483749318513892e-09	3.473266727005628158e-09
-1.761114639565888172e-08	5.171556937781482875e-09	3.475293305679022266e-09
-1.761952026068619584e-08	5.174623275243204618e-09	3.477315963646064010e-09
-1.762788513452233210e-08	5.177682796397044355e-09	3.479334619027063673e-09
-1.763624123540676866e-08	5.180735517899657666e-09	3.481349359254309727e-09
-1.764458836516499381e-08	5.183781351855079163e-09	3.483360099902368167e-09
-1.765292663198591863e-08	5.186820277446623823e-09	3.485366904577764515e-09
-1.766125608983073654e-08	5.189852400611389624e-09	3.487369680070253634e-09
-1.766957662674066745e-08	5.192877568690393687e-09	3.489368526528974564e-09
-1.767788837345979957e-08	5.195895851998865962e-09	3.491363330388107327e-09
-1.768619132790269807e-08	5.198907190398617803e-09	3.493354174682337235e-09
-1.769448541612362490e-08	5.201911624138558787e-09	3.495340950473264296e-09
-1.770277072311272115e-08	5.204909086139390347e-09	3.497323735474265935e-09
-1.771104722603323410e-08	5.207899601382237470e-09	3.499302518815153274e-09
-1.771931499768194797e-08	5.210883098164086958e-09	3.501277252154219110e-09
-1.772757395035100649e-08	5.213859649115360441e-09	3.503247969494282173e-09
-1.773582421922186526e-08	5.216829193170458359e-09	3.505214566749695552e-09
-1.774406564059822729e-08	5.219791661404146716e-09	3.507177197502057050e-09
-1.775229842709557969e-08	5.222747157436126546e-09	3.509135676019558430e-09
-1.776052246313487390e-08	5.225695573022993765e-09	3.511090138769357002e-09
-1.776873777154527905e-08	5.228636889657690588e-09	3.513040529544168250e-09
-1.777694441564419870e-08	5.231571156375066002e-09	3.514986778261162753e-09
-1.778514235525523889e-08	5.234498318592500520e-09	3.516928939277256737e-09
-1.779333164177266964e-08	5.237418353177001574e-09	3.518866994317782193e-09
-1.780151222761103693e-08	5.240331278633401832e-09	3.520800916090505416e-09
-1.780968423859181427e-08	5.243236995965696695e-09	3.522730759411937417e-09
-1.781784751409100238e-08	5.246135603709532490e-09	3.524656418119254623e-09
-1.782600227180500885e-08	5.249026989914069221e-09	3.526577906781880743e-09
-1.783414830790761707e-08	5.251911191587857186e-09	3.528495326708418434e-09
-1.784228579442176891e-08	5.254788120837121367e-09	3.530408482915196096e-09
-1.785041470314070804e-08	5.257657909966798433e-09	3.532317492209185016e-09
-1.785853501283157504e-08	5.260520368385242261e-09	3.534222367540730241e-09
-1.786664675720962962e-08	5.263375544203236868e-09	3.536122925029895225e-09
-1.787474993228120079e-08	5.266223479053024848e-09	3.538019408693695499e-09
-1.788284457026575094e-08	5.269064051738624924e-09	3.539911538896968576e-09
-1.789093064356974252e-08	5.271897295100769220e-09	3.541799527736309087e-09
-1.789900825887866932e-08	5.274723185547215318e-09	3.543683282924426787e-09
-1.790707732096765471e-08	5.277541746673575570e-09	3.545562711251113760e-09
-1.791513792211254077e-08	5.280352866991581785e-09	3.547437900144166059e-09
-1.792318997754699500e-08	5.283156532624571120e-09	3.549308814447277309e-09
-1.793123360031333791e-08	5.285952848117417172e-09	3.551175456703951378e-09
-1.793926874260248888e-08	5.288741701526012369e-09	3.553037760303077648e-09
-1.794729541989985130e-08	5.291523027158781832e-09	3.554895824468568417e-09
-1.795531366620982092e-08	5.294296869425771346e-09	3.556749449361035626e-09
-1.796332349413423298e-08	5.297063170039144838e-09	3.558598840139684230e-09
-1.797132488963330794e-08	5.299821970173058895e-09	3.560443814313880045e-09
-1.797931790728152748e-08	5.302573215238161607e-09	3.562284451678627394e-09
-1.798730247283655303e-08	5.305316793750686300e-09	3.564120659022209998e-09
-1.799527869217050836e-08	5.308052835235520656e-09	3.565952569339334306e-09
-1.800324652059686009e-08	5.310781234687465892e-09	3.567780028820132516e-09
-1.801120602072761200e-08	5.313501915775293490e-09	3.569603006237301522e-09
-1.801915716752492346e-08	5.316214999235755558e-09	3.571421693335608653e-09
-1.802709993902714923e-08	5.318920303273232023e-09	3.573235779254890363e-09
-1.803503443358159072e-08	5.321617924103652854e-09	3.575045551956960233e-09
-1.804296058544606700e-08	5.324307770134749773e-09	3.576850708675508651e-09
-1.805087841641642323e-08	5.326989824712043511e-09	3.578651506611440299e-09
-1.805878801561116301e-08	5.329664075811524187e-09	3.580447667286102031e-09
-1.806668927777885243e-08	5.332330510014589323e-09	3.582239458307212825e-09
-1.807458231955458500e-08	5.334989070423445949e-09	3.584026604895336995e-09
-1.808246708316820900e-08	5.337639759349919947e-09	3.585809225936093218e-09
-1.809034359222353166e-08	5.340282531463317647e-09	3.587587312642508110e-09
-1.809821191176111605e-08	5.342917369181695099e-09	3.589360773187593035e-09
-1.810607197482449328e-08	5.345544188776870342e-09	3.591129675341975992e-09
-1.811392388242853296e-08	5.348163067500722265e-09	3.592893986029496848e-09
-1.812176753420215023e-08	5.350773926715872579e-09	3.594653600243858738e-09
-1.812960299911793436e-08	5.353376722009980898e-09	3.596408584133552499e-09
-1.813743038201100256e-08	5.355971385381884815e-09	3.598158936310798605e-09
-1.814524952566918108e-08	5.358558012591746054e-09	3.599904618845278045e-09
-1.815306054948767322e-08	5.361136438953056337e-09	3.601645557025931600e-09
-1.816086342889509211e-08	5.363706749584057272e-09	3.603381809602828420e-09
-1.816865820274537176e-08	5.366268795528681350e-09	3.605113346737956185e-09
-1.817644485185252438e-08	5.368822698914893417e-09	3.606840078459296152e-09
-1.818422340078018449e-08	5.371368246946515390e-09	3.608562085718304907e-09
-1.819199391868986280e-08	5.373905527054754615e-09	3.610279325032015466e-09
-1.819975628033064518e-08	5.376434505469180899e-09	3.611991677975869284e-09
-1.820751066259814304e-08	5.378955119743188522e-09	3.613699293738394784e-09
-1.821525693601252110e-08	5.381467336566646007e-09	3.615402060369793389e-09
-1.822299517129655043e-08	5.383971127259940893e-09	3.617099878644653123e-09
-1.823072543436584199e-08	5.386466464066346955e-09	3.618792913013987667e-09
-1.823844768729943218e-08	5.388953261409619298e-09	3.620480999028325204e-09
-1.824616187850654928e-08	5.391431578498206314e-09	3.622164185257609852e-09
-1.825386818001393356e-08	5.393901321888335716e-09	3.623842396530489054e-09
-1.826156642431679301e-08	5.396362478168263179e-09	3.625515652972072728e-09
-1.826925674168119476e-08	5.398814956666323642e-09	3.627183932375583529e-09
-1.827693911279776547e-08	5.401258799942217763e-09	3.628847190101576155e-09
-1.828461358363278619e-08	5.403693936292888502e-09	3.630505467320046889e-09
-1.829228009729901796e-08	5.406120327789173245e-09	3.632158672439917765e-09
-1.829993868021038915e-08	5.408537919841649773e-09	3.633806807309239725e-09
-1.830758942887924658e-08	5.410946648613646101e-09	3.635449803002439629e-09
-1.831523225743287390e-08	5.413346632065205505e-09	3.637087764758633837e-09
-1.832286727887130286e-08	5.415737598657740860e-09	3.638720539924481667e-09
-1.833049435157156767e-08	5.418119693641969908e-09	3.640348160185272968e-09
-1.833811363490082955e-08	5.420492790731176360e-09	3.641970607038066007e-09
-1.834572511029364169e-08	5.422856867257152988e-09	3.643587791432945352e-09
-1.835332869634537992e-08	5.425211870487771844e-09	3.645199835728070701e-09
-1.836092458317000183e-08	5.427557763412132611e-09	3.646806562748021094e-09
-1.836851264176190469e-08	5.429894539553931390e-09	3.648407998860591795e-09
-1.837609290850419763e-08	5.432222106860649164e-09	3.650004174830545948e-09
-1.838366542524980095e-08	5.434540439423609411e-09	3.651594969224906758e-09
-1.839123018448548940e-08	5.436849552972128761e-09	3.653180494917126662e-09
-1.839878723148362885e-08	5.439149242576381099e-09	3.654760531943489372e-09
-1.840633660025656258e-08	5.441439634990306587e-09	3.656335196879749754e-09
-1.841387820422982399e-08	5.443720600684408495e-09	3.657904424497967664e-09
-1.842141210238793211e-08	5.445992143823181382e-09	3.659468222894299080e-09
-1.842893839886819127e-08	5.448254108974240605e-09	3.661026485671590088e-09
-1.843645697867022200e-08	5.450506563679638518e-09	3.662579272044076449e-09
-1.844396794991333310e-08	5.452749437621765371e-09	3.664126517477703438e-09
-1.845147129109088490e-08	5.454982583234638119e-09	3.665668106787612944e-09
-1.845896699433485782e-08	5.457206108763840466e-09	3.667204150301436187e-09
-1.846645505763321775e-08	5.459419862482379720e-09	3.668734577013504246e-09
-1.847393561743907481e-08	5.461623755568926019e-09	3.670259358703303548e-09
-1.848140857724396661e-08	5.463817897195407748e-09	3.671778373477596220e-09
-1.848887395001232136e-08	5.466002101402963451e-09	3.673291719408431496e-09
-1.849633179026046002e-08	5.468176310363981322e-09	3.674799303974875349e-09
-1.850378215171092450e-08	5.470340532868893185e-09	3.676301083231383198e-09
-1.851122495138216341e-08	5.472494689350548237e-09	3.677797069435882916e-09
-1.851866023820521542e-08	5.474638721525737652e-09	3.679287199215495658e-09
-1.852608810566983660e-08	5.476772592846120512e-09	3.680771459615267738e-09
-1.853350846900982349e-08	5.478896259829128948e-09	3.682249814553734281e-09
-1.854092139604891074e-08	5.481009600811653765e-09	3.683722246682875945e-09
-1.854832693456167233e-08	5.483112581565323521e-09	3.685188619308838304e-09
-1.855572497964330603e-08	5.485205153051783638e-09	3.686649018240253546e-09
-1.856311570899127559e-08	5.487287277339581867e-09	3.688103392130091942e-09
-1.857049900359958606e-08	5.489358904004919649e-09	3.689551665806216357e-09
-1.857787493315817425e-08	5.491419920178631826e-09	3.690993818223008368e-09
-1.858524349470614055e-08	5.493470282836067788e-09	3.692429831105687884e-09
-1.859260477561571102e-08	5.495509937853852108e-09	3.693859642698097671e-09
-1.859995873628926335e-08	5.497538798730621920e-09	3.695283225478321198e-09
-1.860730538428986208e-08	5.499556843258403365e-09	3.696700549144159682e-09
-1.861464475055737416e-08	5.501564007600543482e-09	3.698111533667824047e-09
-1.862197689707528176e-08	5.503560132161309542e-09	3.699516202178172199e-09
-1.862930171306448677e-08	5.505545327503930346e-09	3.700914501941976039e-09
-1.863661940633295548e-08	5.507519289238740268e-09	3.702306390167023953e-09
-1.864392982700454741e-08	5.509482131627365421e-09	3.703691776185890592e-09
-1.865123310951635485e-08	5.511433739482993066e-09	3.705070657453526087e-09
-1.865852915609972891e-08	5.513373999936472106e-09	3.706443030965444604e-09
-1.866581810979960187e-08	5.515302943515412589e-09	3.707808811139586167e-09
-1.867309987613534461e-08	5.517220360666392884e-09	3.709167980860801803e-09
-1.868037460839470811e-08	5.519126241673784612e-09	3.710520435582299684e-09
-1.868764218082218485e-08	5.521020583302966644e-09	3.711866215320739817e-09
-1.869490273357148257e-08	5.522903148240239210e-09	3.713205187540876534e-09
-1.870215621633562378e-08	5.524774004024167271e-09	3.714537432502581387e-09
-1.870940260674862741e-08	5.526633025758194271e-09	3.715862775116807501e-09
-1.871664205866850937e-08	5.528480118144644264e-09	3.717181224633037614e-09
-1.872387452150315639e-08	5.530315215496498486e-09	3.718492792848182891e-09
-1.873109996980596498e-08	5.532138218817691950e-09	3.719797253090916974e-09
-1.873831853612178229e-08	5.533949049933557968e-09	3.721094814918213824e-09
-1.874553009559636703e-08	5.535747615396787230e-09	3.722385148498938203e-09
-1.875273483853287615e-08	5.537533957304515203e-09	3.723668484436456736e-09
-1.875993261655063229e-08	5.539307742126061627e-09	3.724944546099405383e-09
-1.876712363834886240e-08	5.541069087363570717e-09	3.726213337884799176e-09
-1.877430773622563746e-08	5.542817815377817206e-09	3.727474963642368150e-09
-1.878148506318756630e-08	5.544553927557761421e-09	3.728729134021029862e-09
-1.878865556528074130e-08	5.546277168088330192e-09	3.729975991267314421e-09
-1.879581935671980636e-08	5.547987632729808495e-09	3.731215337162538669e-09
-1.880297638764836252e-08	5.549685059188459315e-09	3.732447228834542775e-09
-1.881012667338979164e-08	5.551369443763537803e-09	3.733671527274152419e-09
-1.881727034515904293e-08	5.553040714294096955e-09	3.734888228089122093e-09
-1.882440730470091654e-08	5.554698705168320273e-09	3.736097245697372796e-09
-1.883153761094219097e-08	5.556343346535857445e-09	3.737298532683924163e-09
-1.883866132511459674e-08	5.557974561142506034e-09	3.738492046489432052e-09
-1.884577846330527807e-08	5.559592190785039756e-09	3.739677737387545992e-09
-1.885288904464197597e-08	5.561196201690618842e-09	3.740855423808151886e-09
-1.885999305473049710e-08	5.562786461558852808e-09	3.742025202202672237e-09
-1.886709062552145531e-08	5.564362832073269886e-09	3.743186975425793333e-09
-1.887418167144722161e-08	5.565925214242541526e-09	3.744340604470736367e-09
-1.888126634544051776e-08	5.567473538674170986e-09	3.745486087484734228e-09
-1.888834453440139522e-08	5.569007605529198687e-09	3.746623341433154541e-09
-1.889541637195735815e-08	5.570527472167962108e-09	3.747752248816596023e-09
-1.890248188130796068e-08	5.572032817091937771e-09	3.748872904931598074e-09
-1.890954098472550898e-08	5.573523691182786074e-09	3.749985058356506801e-09
-1.891659389968649640e-08	5.574999832612909439e-09	3.751088708628730546e-09
-1.892364052512646555e-08	5.576461269604041116e-09	3.752183824756940982e-09
-1.893068089058144206e-08	5.577907815265073037e-09	3.753270324859790721e-09
-1.893771508412158729e-08	5.579339263743342480e-09	3.754348030377210571e-09
-1.894474315362122988e-08	5.580755673786961072e-09	3.755417020180493917e-09
-1.895176504664601616e-08	5.582156700767766160e-09	3.756477109003574499e-09
-1.895878090751281749e-08	5.583542434425217551e-09	3.757528268394585840e-09
-1.896579071986145388e-08	5.584912500060233919e-09	3.758570411849451922e-09
-1.897279445205808695e-08	5.586267058191370540e-09	3.759603497040117401e-09
-1.897979225069898019e-08	5.587605715155618254e-09	3.760627382646848487e-09
-1.898678413421789988e-08	5.588928461697546483e-09	3.761642009917937799e-09
-1.899377007049759004e-08	5.590235162741211482e-09	3.762647289111160262e-09
-1.900075020155002628e-08	5.591525603642302748e-09	3.763643216756266561e-09
-1.900772449627799204e-08	5.592799727042874183e-09	3.764629573124022122e-09
-1.901469298577870719e-08	5.594057298404734608e-09	3.765606387586672474e-09
-1.902165577364406956e-08	5.595298314027140829e-09	3.766573496848912150e-09
-1.902861282241621759e-08	5.596522455649736621e-09	3.767530881946841441e-09
-1.903556427568917927e-08	5.597729702914855202e-09	3.768478389528495327e-09
-1.904251010227090016e-08	5.598919798622022436e-09	3.769415949743144650e-09
-1.904945033734328745e-08	5.600092665517025960e-09	3.770343516330693799e-09
-1.905638514964930344e-08	5.601248088035141477e-09	3.771260870487098964e-09
-1.906331443734848944e-08	5.602385969490867607e-09	3.772168078823330554e-09
-1.907023827356350571e-08	5.603506084140049854e-09	3.773064903336132018e-09
-1.907715682430332050e-08	5.604608285802126817e-09	3.773951360446746642e-09
-1.908407003323053173e-08	5.605692428301319859e-09	3.774827289175249237e-09
-1.909097795757881483e-08	5.606758339086882178e-09	3.775692593993788445e-09
-1.909788068345234784e-08	5.607805807680226196e-09	3.776547136587881866e-09
-1.910477825019636371e-08	5.608834675410782647e-09	3.777390888044667823e-09
-1.911167067057330308e-08	5.609844799340924425e-09	3.778223664254576159e-09
-1.911855813758784185e-08	5.610835942156893032e-09	3.779045450643514971e-09
-1.912544056002243613e-08	5.611807970631925182e-09	3.779856064718572436e-09
-1.913231806079447720e-08	5.612760635432021130e-09	3.780655366085213796e-09
-1.913919064367920746e-08	5.613693807490165787e-09	3.781443374632517117e-09
-1.914605847290119782e-08	5.614607310097057777e-09	3.782219796614780024e-09
-1.915292156143787978e-08	5.615500820361636569e-09	3.782984689624014261e-09
-1.915977990609225982e-08	5.616374317933404554e-09	3.783737787903003969e-09
-1.916663370322279116e-08	5.617227409142190017e-09	3.784479094224887869e-09
-1.917348289162672440e-08	5.618059992218746239e-09	3.785208376137524200e-09
-1.918032761993686816e-08	5.618871944574750102e-09	3.785925537189483015e-09
-1.918716790123373056e-08	5.619662910479832529e-09	3.786630580621335354e-09
-1.919400392927366307e-08	5.620432721546576610e-09	3.787323130111313067e-09
-1.920083560729209495e-08	5.621181114560804240e-09	3.788003297145119257e-09
-1.920766307967175105e-08	5.621908028921642468e-09	3.788670856670488033e-09
-1.921448649699890976e-08	5.622613095020939373e-09	3.789325576236894770e-09
-1.922130576682943745e-08	5.623296075544927355e-09	3.789967460005254820e-09
-1.922812117915127409e-08	5.623956774354204680e-09	3.790596318775059525e-09
-1.923493264724054109e-08	5.624595012428906367e-09	3.791211986015279657e-09
-1.924174036320556820e-08	5.625210475664837735e-09	3.791814355095821038e-09
-1.924854430299561920e-08	5.625802898534857421e-09	3.792403243987175795e-09
-1.925534466416268292e-08	5.626372077959471203e-09	3.792978492631381843e-09
-1.926214146357480176e-08	5.626917809476204222e-09	3.793540057547130280e-09
-1.926893483618115239e-08	5.627439793783833749e-09	3.794087645448079426e-09
-1.927572481442516463e-08	5.627937710306661330e-09	3.794621162428673489e-09
-1.928251158545047983e-08	5.628411349951482984e-09	3.795140438485202841e-09
-1.928929515612158535e-08	5.628860503167304027e-09	3.795645382257992466e-09
-1.929607565008302709e-08	5.629284735575766017e-09	3.796135732148314079e-09
-1.930285323063421086e-08	5.629683941706880697e-09	3.796611314222036581e-09
-1.930962797670094536e-08	5.630057697824328032e-09	3.797071996870662229e-09
-1.931639991073133418e-08	5.630405834622695992e-09	3.797517673700246985e-09
-1.932316925371679603e-08	5.630727994976645709e-09	3.797948085656322890e-09
-1.932993604494881696e-08	5.631023905031163392e-09	3.798363051633759716e-09
-1.933670038534284278e-08	5.631293277519642303e-09	3.798762380352809566e-09
-1.934346253153884505e-08	5.631535744214512332e-09	3.799146012830446482e-09
-1.935022242999581495e-08	5.631750990091190646e-09	3.799513554938306864e-09
-1.935698038246477646e-08	5.631938829648712371e-09	3.799864984702414665e-09
-1.936373630106545250e-08	5.632098758201795662e-09	3.800200024800742712e-09
-1.937049048811885075e-08	5.632230604124863804e-09	3.800518493663134723e-09
-1.937724294984519076e-08	5.632334027413315742e-09	3.800820290213848069e-09
-1.938399390608763218e-08	5.632408597854529197e-09	3.801105007138999623e-09
-1.939074355623611947e-08	5.632453960643329986e-09	3.801372558630031643e-09
-1.939749186217216822e-08	5.632469879391131348e-09	3.801622794110516652e-09
-1.940423910105089131e-08	5.632455905383994678e-09	3.801855322690240931e-09
-1.941098539976317775e-08	5.632411688900467144e-09	3.802070135347832926e-09
-1.941773087688978880e-08	5.632336961177658810e-09	3.802266828704689843e-09
-1.942447576573862097e-08	5.632231213822341549e-09	3.802445230905110006e-09
-1.943122014353377393e-08	5.632094112842423000e-09	3.802605195307134810e-09
-1.943796421041694048e-08	5.631925244220834558e-09	3.802746340042733553e-09
-1.944470814554371518e-08	5.631724322996732132e-09	3.802868554549766828e-09
-1.945145216648147872e-08	5.631490767692006317e-09	3.802971489340088097e-09
-1.945819628450178784e-08	5.631224401594959395e-09	3.803055012573902548e-09
-1.946494087905892880e-08	5.630924664509156637e-09	3.803118789105066038e-09
-1.947168592290530090e-08	5.630591096613629724e-09	3.803162638288609738e-09
-1.947843187837777455e-08	5.630223402775290083e-09	3.803186132689478812e-09
-1.948517871838159549e-08	5.629821044997363678e-09	3.803189202917923584e-09
-1.949192674685277538e-08	5.629383518594567839e-09	3.803171430098482232e-09
-1.949867617107830895e-08	5.628910534905316108e-09	3.803132622715249276e-09
-1.950542706712997703e-08	5.628401657705678577e-09	3.803072486559934821e-09
-1.951217987261652899e-08	5.627856171363196277e-09	3.802990755409497901e-09
-1.951893469553697511e-08	5.627273841809448792e-09	3.802887082321676059e-09
-1.952569170041736384e-08	5.626654045465571505e-09	3.802761197833657173e-09
-1.953245128566584910e-08	5.625996299847141024e-09	3.802612753612967763e-09
-1.953921352123318769e-08	5.625300195100421942e-09	3.802441549821893984e-09
-1.954597878310819929e-08	5.624565176572898678e-09	3.802247187009012792e-09
-1.955274711662916282e-08	5.623790697018335552e-09	3.802029407048281267e-09
-1.955951909494453515e-08	5.622976272100741472e-09	3.801787821592126397e-09
-1.956629468447102166e-08	5.622121361052580173e-09	3.801522181305392038e-09
-1.957307435698307099e-08	5.621225328267573311e-09	3.801232034463654624e-09
-1.957985832600040105e-08	5.620287780080340198e-09	3.800917134274397062e-09
-1.958664684623406774e-08	5.619307910190210287e-09	3.800577094703011250e-09
-1.959344030214023244e-08	5.618285396636099873e-09	3.800211577365203162e-09
-1.960023889536796909e-08	5.617219468272006551e-09	3.799820176101951265e-09
-1.960704295699343267e-08	5.616109608382829308e-09	3.799402611276641374e-09
-1.961385292179196792e-08	5.614955159622821112e-09	3.798958349518819703e-09
-1.962066893257277389e-08	5.613755539128484827e-09	3.798487158377969900e-09
-1.962749145587718077e-08	5.612510150613948066e-09	3.797988623599695315e-09
-1.963432072297274152e-08	5.611218291863147421e-09	3.797462288604779056e-09
-1.964115719131858806e-08	5.609879267139910043e-09	3.796907787947236074e-09
-1.964800124939349087e-08	5.608492472756877153e-09	3.796324679848392828e-09
-1.965485316434905078e-08	5.607057273575156405e-09	3.795712608112505117e-09
-1.966171340802585780e-08	5.605572747183256617e-09	3.795070976687777778e-09
-1.966858233087954545e-08	5.604038496217437841e-09	3.794399566538887301e-09
-1.967546024841482197e-08	5.602453645910891526e-09	3.793697813762628097e-09
-1.968234772976974103e-08	5.600817421421658967e-09	3.792965309890255443e-09
-1.968924516918493201e-08	5.599129151988803599e-09	3.792201438747181194e-09
-1.969615289890143855e-08	5.597388010499752613e-09	3.791405988005677846e-09
-1.970307156512007738e-08	5.595593276231144107e-09	3.790578209419260524e-09
-1.971000142779336082e-08	5.593744115129124950e-09	3.789717817337605282e-09
-1.971694302710997653e-08	5.591839803234573086e-09	3.788824215708918612e-09
-1.972389683744266327e-08	5.589879482441184414e-09	3.787896929221390909e-09
-1.973086345011713550e-08	5.587862248838803101e-09	3.786935384257369418e-09
-1.973784331809860176e-08	5.585787278086836174e-09	3.785939062481480841e-09
-1.974483694614639309e-08	5.583653767127534145e-09	3.784907512174152200e-09
-1.975192028405566672e-08	5.581368007582931263e-09	3.784660750303955653e-09
-1.975894332106872223e-08	5.579114264094800182e-09	3.783556848611676956e-09
-1.976598174863097944e-08	5.576799167368175409e-09	3.782415933239432962e-09
-1.977303631364026895e-08	5.574421800084848489e-09	3.781237416927922496e-09
-1.978010750472664431e-08	5.571981286552842446e-09	3.780020764223413411e-09
-1.978719597429490590e-08	5.569476603055199694e-09	3.778765236597103930e-09
-1.979430242874914746e-08	5.566906736049629119e-09	3.777470355495806077e-09
-1.980142746715986300e-08	5.564270684026004661e-09	3.776135335207849552e-09
-1.980857171439070896e-08	5.561567431126699594e-09	3.774759702266957340e-09
-1.981573603430927677e-08	5.558795794502784896e-09	3.773342582142006980e-09
-1.982292103681120438e-08	5.555954957213968635e-09	3.771883462741823020e-09
-1.983012741443969537e-08	5.553043576356536074e-09	3.770381616410145062e-09
-1.983735596469228049e-08	5.550060713788478335e-09	3.768836304614952766e-09
-1.984460754721116701e-08	5.547005075174788577e-09	3.767246813112767344e-09
-1.985188283863794097e-08	5.543875583602679533e-09	3.765612437608267125e-09
-1.985918286825808857e-08	5.540671052517746685e-09	3.763932407419226713e-09
-1.986650836951692266e-08	5.537390099230913599e-09	3.762205836218401199e-09
-1.987386010389598749e-08	5.534031793466625106e-09	3.760432167274401375e-09
-1.988123916121910734e-08	5.530594693326266157e-09	3.758610486043414827e-09
-1.988864640886422302e-08	5.527077470239412544e-09	3.756739939270383828e-09
-1.989608282640500296e-08	5.523478841899649889e-09	3.754819658437889887e-09
-1.990354930591875292e-08	5.519797563468234918e-09	3.752848987125769645e-09
-1.991104702012018291e-08	5.516032162978004612e-09	3.750826879182517791e-09
-1.991857678888470293e-08	5.512181286415931502e-09	3.748752469788257838e-09
-1.992613995769699832e-08	5.508243521949580291e-09	3.746624905228544074e-09
-1.993373740978727780e-08	5.504217373089657223e-09	3.744443204574276665e-09
-1.994137040119481803e-08	5.500101371107140887e-09	3.742206464615159095e-09
-1.994904011394744969e-08	5.495894060218570094e-09	3.739913648909344669e-09
-1.995674770180975399e-08	5.491593851417242503e-09	3.737563893101951518e-09
-1.996449447959923771e-08	5.487199036350991677e-09	3.735156019665073543e-09
-1.997228169641968825e-08	5.482708215672701729e-09	3.732689142962161645e-09
-1.998011068335759405e-08	5.478119640319686850e-09	3.730162046837209273e-09
-1.998798284067749123e-08	5.473431526532453269e-09	3.727573775803729779e-09
-1.999589954871162261e-08	5.468642335267833232e-09	3.724923171068825146e-09
-2.000386225565219618e-08	5.463750190245416315e-09	3.722209142992472697e-09
-2.001187241364048605e-08	5.458753470540751897e-09	3.719430534861852826e-09
-2.001993168014268865e-08	5.453650169424560447e-09	3.716586077321182406e-09
-2.002804149418255198e-08	5.448438494815332209e-09	3.713674699007618915e-09
-2.003620366535297951e-08	5.443116423328115590e-09	3.710695014452969166e-09
-2.004441974507926597e-08	5.437682248921359042e-09	3.707645902795364286e-09
-2.005269161628382320e-08	5.432133721541908051e-09	3.704525954513366026e-09
-2.006102081392063257e-08	5.426469001461166441e-09	3.701333892390271387e-09
-2.006940950395259562e-08	5.420685983877842258e-09	3.698068457245765248e-09
-2.007785949546500486e-08	5.414782359990641235e-09	3.694728072563154377e-09
-2.008637265705699793e-08	5.408756176735689070e-09	3.691311499520942699e-09
-2.009495119869561883e-08	5.402605112818215257e-09	3.687817116959855838e-09
-2.010359710039852719e-08	5.396326920962934648e-09	3.684243637715862096e-09
-2.011231243006746803e-08	5.389919438546765179e-09	3.680589475557029879e-09
-2.012109956370821888e-08	5.383380098645002579e-09	3.676853070159770764e-09
-2.012996100156486664e-08	5.376706450899466108e-09	3.673032675233432133e-09
-2.013889891314470237e-08	5.369896159217022360e-09	3.669126885884078856e-09
-2.014791566732398758e-08	5.362946679335432002e-09	3.665133938937989339e-09
-2.015701384850663630e-08	5.355855556740053311e-09	3.661052287718055556e-09
-2.016619632209600397e-08	5.348619867146268786e-09	3.656879881316192600e-09
-2.017546550479748360e-08	5.341237072076536457e-09	3.652615180223921288e-09
-2.018482438646051123e-08	5.333704542845410582e-09	3.648256294748356470e-09
-2.019427576850293157e-08	5.326019208301860422e-09	3.643801291253397343e-09
-2.020382263758524721e-08	5.318178380777570614e-09	3.639248416972110552e-09
-2.021346820236763983e-08	5.310179000451629914e-09	3.634595437118069034e-09
-2.022321560479419762e-08	5.302018070650454864e-09	3.629840547581182150e-09
-2.023306800517122061e-08	5.293692539876405868e-09	3.624981678255777663e-09
-2.024302890116814012e-08	5.285199296267995678e-09	3.620016604070651156e-09
-2.025310182791578607e-08	5.276535079237854874e-09	3.614943325467106156e-09
-2.026329046841852130e-08	5.267696602991796128e-09	3.609759452923690537e-09
-2.027359849044706265e-08	5.258680519278842147e-09	3.604462831448941438e-09
-2.028402975816009727e-08	5.249483431974143593e-09	3.599051157562150765e-09
-2.029458849167291862e-08	5.240101595230356877e-09	3.593521939043158178e-09
-2.030527882496019984e-08	5.230531536365731898e-09	3.587872721144895368e-09
-2.031610475371319479e-08	5.220769764881987013e-09	3.582101192056911559e-09
-2.032707108335154936e-08	5.210812235636390008e-09	3.576204552630172462e-09
-2.033818239180618554e-08	5.200655033010001988e-09	3.570180248194477564e-09
-2.034944334844528490e-08	5.190294434983458332e-09	3.564025663945590567e-09
-2.036085870015316649e-08	5.179726521309674306e-09	3.557738004894763875e-09
-2.037243387331832623e-08	5.168946837450067291e-09	3.551314398108629163e-09
-2.038417387974338898e-08	5.157951401176731413e-09	3.544751945676066777e-09
-2.039608440439327194e-08	5.146735747770725753e-09	3.538047675435249495e-09
-2.040817115647857845e-08	5.135295350298770199e-09	3.531198469510607250e-09
-2.042043984936454559e-08	5.123625920985932743e-09	3.524201259291208494e-09
-2.043289662294450311e-08	5.111722743931895517e-09	3.517052814955490442e-09
-2.044554755816289004e-08	5.099581105542755121e-09	3.509749884935516316e-09
-2.045839977745171032e-08	5.087195899487577230e-09	3.502288858231649356e-09
-2.047145935736945645e-08	5.074562531061035946e-09	3.494666546883989566e-09
-2.048473370427328182e-08	5.061675731332936668e-09	3.486879215919478849e-09
-2.049822993705046997e-08	5.048530207543061867e-09	3.478923184715259865e-09
-2.051195543475645941e-08	5.035120978491855461e-09	3.470794920912487503e-09
-2.052591826020811935e-08	5.021442345033388716e-09	3.462490324318015438e-09
-2.054012643553164037e-08	5.007488596692484418e-09	3.454005516092366160e-09
-2.055458858257869516e-08	4.993254096539821982e-09	3.445336329427535599e-09
-2.056931272565965464e-08	4.978733356835517487e-09	3.436478855644593804e-09
-2.058430836771852214e-08	4.963920073597643051e-09	3.427428617771391048e-09
-2.059958486647664041e-08	4.948808210447911770e-09	3.418181249622389014e-09
-2.061515178986354850e-08	4.933391463402273218e-09	3.408732264509522566e-09
-2.063101940778477291e-08	4.917663454459698796e-09	3.399076945371990721e-09
-2.064719768496774402e-08	4.901617770928883367e-09	3.389210739372380135e-09
-2.066369797117455754e-08	4.885247540988753865e-09	3.379128598231906054e-09
-2.068053156125198279e-08	4.868545819964042559e-09	3.368825370747754824e-09
-2.069770982758012524e-08	4.851505755464687467e-09	3.358296166386787789e-09
-2.071524496770687473e-08	4.834120134050987401e-09	3.347535565412420047e-09
-2.073314981816794272e-08	4.816381590777847683e-09	3.336538167050082086e-09
-2.075143732948802643e-08	4.798282529639147833e-09	3.325298260590807329e-09
-2.077012152487816240e-08	4.779814956565498150e-09	3.313810037948394724e-09
-2.078921587014261411e-08	4.760971702063476975e-09	3.302067975302823924e-09
-2.080873509474730502e-08	4.741744455185503420e-09	3.290065773061495917e-09
-2.082869510067103656e-08	4.722124644778541558e-09	3.277797130940050470e-09
-2.084911137993295177e-08	4.702104002690933262e-09	3.265255660763559313e-09
-2.087000075106859858e-08	4.681673867792286480e-09	3.252434835806320604e-09
-2.089138000996423449e-08	4.660825526914534078e-09	3.239327905450450192e-09
-2.091326742747476030e-08	4.639549852866941957e-09	3.225927798268482642e-09
-2.093568123792807466e-08	4.617837718925324908e-09	3.212227518700943346e-09
-2.095864126208776720e-08	4.595679404390246016e-09	3.198219515378831097e-09
-2.098216745662192837e-08	4.573065414542869961e-09	3.183896337318558767e-09
-2.100628036631880656e-08	4.549986236389979619e-09	3.169250314266129752e-09
-2.103100214418885904e-08	4.526431417184708331e-09	3.154273411909615718e-09
-2.105635595294039569e-08	4.502390502092701555e-09	3.138957170578838340e-09
-2.108236492569368431e-08	4.477853305743864437e-09	3.123293429441353702e-09
-2.110905422553343566e-08	4.452808722206257926e-09	3.107273283813952265e-09
-2.113644918747344388e-08	4.427245980700315787e-09	3.090887936337632804e-09
-2.116457618860673370e-08	4.401154124941011184e-09	3.074128269303819111e-09
-2.119346430295656257e-08	4.374521064137031826e-09	3.056984532410104081e-09
-2.122314162207021404e-08	4.347335668305350889e-09	3.039447359076858692e-09
-2.125363873009202856e-08	4.319585954204697526e-09	3.021506581509593769e-09
-2.128498791242772973e-08	4.291259175087902490e-09	3.003151806402375119e-09
-2.131722155231237535e-08	4.262343497826984812e-09	2.984372619168706844e-09
-2.135037412548049251e-08	4.232826239051801161e-09	2.965158150727085921e-09
-2.138448182628771003e-08	4.202694300440899485e-09	2.945497119359301678e-09
-2.141958188612552419e-08	4.171934711120813784e-09	2.925378158232590644e-09
-2.145571380811235725e-08	4.140534094984882564e-09	2.904789337768636676e-09
-2.149291831252473677e-08	4.108478611486677316e-09	2.883718458468628755e-09
-2.153123812628205013e-08	4.075754775808432962e-09	2.862153105724329971e-09
-2.157071788018098691e-08	4.042348298455519049e-09	2.840080328090886586e-09
-2.161140405867673884e-08	4.008245043049828070e-09	2.817487002037658763e-09
-2.165334561833952696e-08	3.973430397902437183e-09	2.794359449850081047e-09
-2.169659360333599144e-08	3.937889527886911818e-09	2.770683607776186903e-09
-2.174120081315541801e-08	3.901607843747545929e-09	2.746445272362762821e-09
-2.178722330869681006e-08	3.864569950162930188e-09	2.721629515390869568e-09
-2.183471929703125689e-08	3.826760600298994268e-09	2.696221168205379613e-09
-2.188374940981354718e-08	3.788164455962891969e-09	2.670204645704225234e-09
-2.193437772558472218e-08	3.748765819525441170e-09	2.643563900769505363e-09
-2.198667151363922871e-08	3.708548693369143998e-09	2.616282230097504115e-09
-2.204069922667182214e-08	3.667497783012956616e-09	2.588343050655287020e-09
-2.209653479148935362e-08	3.625596852833722462e-09	2.559728789116364308e-09
-2.215425458084938857e-08	3.582830077295350251e-09	2.530421587080252910e-09
-2.221393959143379387e-08	3.539180868049068182e-09	2.500402959566507027e-09
-2.227567363009031830e-08	3.494633494620105636e-09	2.469654070367765929e-09
-2.233954492653657183e-08	3.449171848135731109e-09	2.438155557079370692e-09
-2.240564587612996986e-08	3.402779952023302074e-09	2.405887682248395457e-09
-2.247407309552314806e-08	3.355442182440184397e-09	2.372830089474629212e-09
-2.254492814871360227e-08	3.307142709222946215e-09	2.338961834052229236e-09
-2.261831782470023165e-08	3.257866302193388611e-09	2.304261619821937215e-09
-2.269435445274062730e-08	3.207597446680714848e-09	2.268707344557769989e-09
-2.277315537917286743e-08	3.156321461139823456e-09	2.232276665829421859e-09
-2.285484471461938862e-08	3.104023541441264869e-09	2.194946284913322689e-09
-2.293955042661927551e-08	3.050690716710014266e-09	2.156693228287779187e-09
-2.302740989690199185e-08	2.996309058506289571e-09	2.117492888786015822e-09
-2.311856530072905266e-08	2.940866355762647285e-09	2.077321186478786167e-09
-2.321316832793502403e-08	2.884350397182949152e-09	2.036152477874591396e-09
-2.331137552082877345e-08	2.826750754534241209e-09	1.993961429187010880e-09
-2.341335329364557644e-08	2.768057904880337289e-09	1.950722015864436457e-09
-2.351927718199822323e-08	2.708262851712186518e-09	1.906407282847038330e-09
-2.362932947416180937e-08	2.647359404843140069e-09	1.860990681117626816e-09
-2.374370631878414815e-08	2.585340910104689848e-09	1.814443894784517044e-09
-2.386261023889036451e-08	2.522204454782124276e-09	1.766739445366416972e-09
-2.398625509713127223e-08	2.457948434832815563e-09	1.717848955908601464e-09
-2.411486673420710139e-08	2.392573437749822814e-09	1.667743736744718365e-09
-2.424868409007749326e-08	2.326082528212816518e-09	1.616394698644810448e-09
-2.438795704667086615e-08	2.258482087920990145e-09	1.563772692239706753e-09
-2.453294980370770732e-08	2.189781216771615726e-09	1.509848306796654188e-09
-2.468394271597306390e-08	2.119992228294067005e-09	1.454591710507023258e-09
-2.484122887623186415e-08	2.049132321926018847e-09	1.397973421630621572e-09
-2.500511838768457697e-08	1.977222165392904949e-09	1.339963783449621788e-09
-2.517593707350121089e-08	1.904288659399064528e-09	1.280533820762466323e-09
-2.535403168269474806e-08	1.830362442630139031e-09	1.219654174414898869e-09
-2.553976746142491792e-08	1.755480691367872177e-09	1.157295765353719159e-09
-2.573352796073678276e-08	1.679688120999892324e-09	1.093430995746720345e-09
-2.593571976292673915e-08	1.603035941488786329e-09	1.028032348947793112e-09
-2.614677362180145654e-08	1.525583499574714082e-09	9.610732797555102289e-10
-2.636714214743357482e-08	1.447399614283203980e-09	8.925287489405380064e-10
-2.659730660205864244e-08	1.368562363897859140e-09	8.223745682120017637e-10
-2.683777334243859136e-08	1.289161620278683871e-09	7.505888099713208865e-10
-2.708907857890284498e-08	1.209298988030862430e-09	6.771514896262908657e-10
-2.735179416325939295e-08	1.129088748423202768e-09	6.020441438205875598e-10
-2.762651661233137820e-08	1.048661696136621619e-09	5.252524686028291441e-10
-2.791388366377645271e-08	9.681634813295134269e-10	4.467643863654877396e-10
-2.821456671272790489e-08	8.877587623357612851e-10	3.665721457861171936e-10
-2.852927865418866780e-08	8.076315114365995567e-10	2.846717894975902160e-10
-2.885877387383899990e-08	7.279882488498282568e-10	2.010647722391089800e-10
-2.920385283703795562e-08	6.490587361554411178e-10	1.157575364266938768e-10
-2.956536184819652201e-08	5.711001553610253466e-10	2.876335547056774832e-11
-2.994419830392062634e-08	4.943993020534445960e-10	-5.989722722440331121e-11
-3.034131549906695333e-08	4.192749573454555188e-10	-1.501956888722096636e-10
-3.075771553423053055e-08	3.460828172651711756e-10	-2.420932921723953495e-10
-3.119446947778077438e-08	2.752172173030003393e-10	-3.355415910400085610e-10
-3.165270916113215172e-08	2.071168967813718376e-10	-4.304795754815408829e-10
-3.213363817579322333e-08	1.422673583106659063e-10	-5.268335751447056649e-10
-3.263852830319158589e-08	8.120882138048604164e-11	-6.245139033227046456e-10
-3.316872855333074803e-08	2.454027212920827290e-11	-7.234136417215379784e-10
-3.372567195028733362e-08	-2.707571666871342913e-11	-8.234072443556733318e-10
-3.431087706913453053e-08	-7.290393497226792177e-11	-9.243470327119768017e-10
-3.492595367071429709e-08	-1.121311811921015382e-10	-1.026061377298014546e-09
-3.557260628238040663e-08	-1.438562664823976560e-10	-1.128350984175361190e-09
-3.625264497324867105e-08	-1.670824654557610864e-10	-1.230986202092494739e-09
-3.696798953599251990e-08	-1.807063191213056653e-10	-1.333703441089087166e-09
-3.772067312541438062e-08	-1.835074081117302043e-10	-1.436200314231054888e-09
-3.851284345833295071e-08	-1.741354451837898191e-10	-1.538131367875001383e-09
-3.934678789718520870e-08	-1.510971521512335713e-10	-1.639103650956005495e-09
-4.022491900250743113e-08	-1.127415993895476705e-10	-1.738670308998977962e-09
-4.114979474193622431e-08	-5.724317524621280216e-11	-1.836324496282231268e-09
-4.212411680512801493e-08	1.741727317927753833e-11	-1.931491745016499083e-09
-4.315073154532788209e-08	1.134717581470775375e-10	-2.023522200957230296e-09
-4.423266866590347126e-08	2.333874593585382520e-10	-2.111683454255358443e-09
-4.537310608401585412e-08	3.798914856301343682e-10	-2.195148530656623498e-09
-4.657539578190766966e-08	5.559976203976655175e-10	-2.272986385452535160e-09
-4.784307481181704037e-08	7.650383960591540704e-10	-2.344149231091426456e-09
-4.917985120002171833e-08	1.010695154883151082e-09	-2.407459126265487497e-09
-5.058962739776990325e-08	1.297036242298228999e-09	-2.461593762969385847e-09
-5.207648743436710032e-08	1.628556993889807154e-09	-2.505068901967475531e-09
-5.364469814703263563e-08	2.010223414348255839e-09	-2.536220542608983158e-09
-5.529871179704567002e-08	2.447520136330307971e-09	-2.553184620205888534e-09
-5.704316898165335331e-08	2.946505028393313723e-09	-2.553874732640679155e-09
-5.888286151156535389e-08	3.513865107912716759e-09	-2.535956438824386368e-09
-6.082274525697366571e-08	4.156980378902938775e-09	-2.496821266290673709e-09
-6.286791848301430242e-08	4.883995242029778367e-09	-2.433555315942275698e-09
-6.502358525321734026e-08	5.703891123772740853e-09	-2.342906843880298995e-09
-6.729503748552693178e-08	6.626569350649240414e-09	-2.221249910162985774e-09
-6.968758670632058037e-08	7.662933689210589513e-09	-2.064545939761803394e-09
-7.220654176798702057e-08	8.824992733802941468e-09	-1.868298983229261264e-09
-7.485713850175361565e-08	1.012595835144479165e-08	-1.627509590290769217e-09
-7.764442781544392958e-08	1.158034217130051703e-08	-1.336628092697942973e-09
-8.057323329924606078e-08	1.320408891322752511e-08	-9.894944336120156128e-10
-8.364798122033347220e-08	1.501467506067325927e-08	-5.792871803772854763e-10
-8.687257750985679245e-08	1.703123750455471458e-08	-9.846087822378100132e-11
-9.025025046713759617e-08	1.927470320156308704e-08	4.613184359976171172e-10
-9.378328041862427272e-08	2.176788392200751192e-08	1.109229342636675282e-09
-9.747287392434244300e-08	2.453564273373020099e-08	1.855374575851603725e-09
-1.013187944235403653e-07	2.760496815440595467e-08	2.710834238565631701e-09
-1.053190438406479885e-07	3.100508022546093139e-08	3.687730576693375426e-09
-1.094694932306301581e-07	3.476750748942319642e-08	4.799283457336354870e-09
-1.137634364924672230e-07	3.892613728966726979e-08	6.059858939529032344e-09
-1.181911074531009724e-07	4.351723555001929976e-08	7.485008054335325331e-09
-1.227390944461536624e-07	4.857939791755581717e-08	9.091481582499356131e-09
-1.273896935762554954e-07	5.415344434082769904e-08	1.089722502060970011e-08
-1.321201084874250988e-07	6.028215522938316919e-08	1.292131447845697069e-08
-1.369018273397534633e-07	6.701009088310234786e-08	1.518392089237118959e-08
-1.416996360822086054e-07	7.438306675184170342e-08	1.770614540136947018e-08
-1.464706702150218374e-07	8.244752595932645654e-08	2.050981103493671002e-08
-1.511635441655735037e-07	9.124983449231535482e-08	2.361721767203344426e-08
-1.557172873119920919e-07	1.008352054827521265e-07	2.705074970560423446e-08
-1.600603790535928237e-07	1.112464322212558794e-07	3.083239746351208419e-08
-1.641097585177443105e-07	1.225222564991343796e-07	3.498312437418655473e-08
-1.677700891551765465e-07	1.346955490470834736e-07	3.952214182474417861e-08
-1.709330660704769402e-07	1.477909802886460743e-07	4.446596357000665357e-08
-1.734770504832252637e-07	1.618223751300671387e-07	4.982730743078039857e-08
-1.752671867696534866e-07	1.767898038482539289e-07	5.561386084556994196e-08
-1.761559086441805370e-07	1.926762007615743988e-07	6.182682140327462374e-08
-1.759841593528088801e-07	2.094437294035530740e-07	6.845929143133885058e-08
-1.745834547579045950e-07	2.270300082160456707e-07	7.549456902921232700e-08
-1.717788799614303620e-07	2.453442838412553064e-07	8.290436512796206107e-08
-1.673931926261082560e-07	2.642637620369322777e-07	9.064703038439303489e-08
-1.612521214641355771e-07	2.836303825643898205e-07	9.866590625629562095e-08
-1.531909080247726917e-07	3.032482792767776733e-07	1.068879051312028725e-07
-1.430620755305060207e-07	3.228824801604888014e-07	1.152225556198418885e-07
-1.307442130770607822e-07	3.422589852621682045e-07	1.235615815755728045e-07
-1.161515630535543560e-07	3.610668717320972683e-07	1.317793083263010834e-07
-9.924395367062844959e-08	3.789625878116323309e-07	1.397339859939085638e-07
-8.003647800972523822e-08	3.955766980729083465e-07	1.472701723387861630e-07
-5.860823250694600181e-08	4.105236742765823954e-07	1.542224685840503597e-07
-3.510925158425156083e-08	4.234140061592145372e-07	1.604203377249696313e-07
-9.764809732564031750e-09	4.338686136508965436e-07	1.656940367035256073e-07
1.712380350224206336e-08	4.415351512590714405e-07	1.698815360898822095e-07
4.518263718051934583e-08	4.461050672830932488e-07	1.728359622630414705e-07
7.397292356946208544e-08	4.473303233378106391e-07	1.744331124322353745e-07
1.030035602628786529e-07	4.450386581528787225e-07	1.745785671784286372e-07
1.317476509542945000e-07	4.391458434291578387e-07	1.732137041598088757e-07
1.596625730557279168e-07	4.296642511627756574e-07	1.703202960609026425e-07
1.862121848215116915e-07	4.167063978670343433e-07	1.659230492728478563e-07
2.108893172571411125e-07	4.004826361387692257e-07	1.600896367481671848e-07
2.332375313098087655e-07	3.812938422083685256e-07	1.529285469467383601e-07
2.528700319544880966e-07	3.595187432796095717e-07	1.445844926130682106e-07
2.694845451616121108e-07	3.355973150864505270e-07	1.352319464717236255e-07
2.828730293636925157e-07	3.100111564070751597e-07	1.250671373036612171e-07
2.929259514054358072e-07	2.832626715453461863e-07	1.142992927365422345e-07
2.996308923554054923e-07	2.558543747395361442e-07	1.031416797484900986e-07
3.030661873379124244e-07	2.282697968767844168e-07	9.180311922657621774e-08
3.033905831887698845e-07	2.009572199571708061e-07	8.048054904526507971e-08
3.008293140607969288e-07	1.743166532071448689e-07	6.935282755247430847e-08
2.956590222725746609e-07	1.486909491070120165e-07	5.857628081208062020e-08
2.881920409550539773e-07	1.243607681428704930e-07	4.828188649066095920e-08
2.787607907473389128e-07	1.015430963040601869e-07	3.857399826656761913e-08
2.677038670390656295e-07	8.039295698962495828e-08	2.953052471848776518e-08
2.553542128751803810e-07	6.100758455270781727e-08	2.120426370131582482e-08
2.420291066330403337e-07	4.343236735329905292e-08	1.362507630071279882e-08
2.280228768270511786e-07	2.766787831990295741e-08	6.802644420335670963e-09
2.136017798595856594e-07	1.367747744438008179e-08	7.295670833088322731e-10
1.990009928841751770e-07	1.394869517112952610e-09	-4.615479072198321465e-09
1.844234698973012197e-07	-9.268743175287816424e-09	-9.264681013801002090e-09
1.700400969206957863e-07	-1.841806770268469735e-08	-1.325822060830017463e-08
1.559910936646161999e-07	-2.616798780973651060e-08	-1.664173161503349961e-08
1.423881276915346669e-07	-3.263858258037618677e-08	-1.946406209841692162e-08
1.293317251038327841e-07	-3.794717627555416977e-08	-2.177371293069063718e-08
1.168569404032557958e-07	-4.222108649018747482e-08	-2.362427303249597034e-08
1.050167710807232025e-07	-4.557268830756467134e-08	-2.506347584029329804e-08
9.383922224074800100e-08	-4.811063676196932231e-08	-2.613796519160651662e-08
8.333569151140837427e-08	-4.993709186370317602e-08	-2.689199219013713614e-08
7.350589822351974968e-08	-5.114634404844270496e-08	-2.736672731508097849e-08
6.434022152106510246e-08	-5.182451521488882767e-08	-2.760004991185662162e-08
5.582175312326819446e-08	-5.204955852850264487e-08	-2.762647992107948804e-08
4.792804806744793608e-08	-5.189140858905097995e-08	-2.747718474196077420e-08
4.063265345589233854e-08	-5.141236297153606393e-08	-2.718009690684685383e-08
3.390636660651580796e-08	-5.066752621283043023e-08	-2.676006778853161181e-08
2.771827318700765099e-08	-4.970532760662232123e-08	-2.623906203621759439e-08
2.203660155290431908e-08	-4.856804609250993085e-08	-2.563636074178446242e-08
1.682926158043249537e-08	-4.729245596478221367e-08	-2.496882476702945480e-08
1.205039100371229322e-08	-4.591426111672220277e-08	-2.425280810324549167e-08
7.695179931025743036e-09	-4.445337397906284227e-08	-2.349775248359223254e-08
3.725029698326904598e-09	-4.293549571062634051e-08	-2.271555817138263239e-08
1.085212829755245023e-10	-4.138113601457932509e-08	-2.191581056886525428e-08
-3.181489623731456312e-09	-3.980692884579292137e-08	-2.110635097923058000e-08
-6.170646001242639472e-09	-3.822675138468228822e-08	-2.029376173229436667e-08
-8.883059369728139250e-09	-3.665214420717419623e-08	-1.948355222586868779e-08
-1.134129468453530266e-08	-3.509260474293873387e-08	-1.868028840501629633e-08
-1.356640439090175645e-08	-3.355587111208245163e-08	-1.788771980734321428e-08
-1.557794379697460433e-08	-3.204814778625718256e-08	-1.710887958319705592e-08
-1.739403817795585741e-08	-3.057433639921195599e-08	-1.634618930201522246e-08
-1.903145317986488105e-08	-2.913824331749080922e-08	-1.560155348650685908e-08
-2.050565469993831472e-08	-2.774272883990394242e-08	-1.487642714304563286e-08
-2.183088169542147168e-08	-2.638984605030605166e-08	-1.417187963590157496e-08
-2.302022956123566694e-08	-2.508098598761844980e-08	-1.348866151193064817e-08
-2.408572471511922511e-08	-2.381698201460119862e-08	-1.282725356106868268e-08
-2.503839335099059950e-08	-2.259819282650453129e-08	-1.218790476863919816e-08
-2.588834222232077383e-08	-2.142460393377594772e-08	-1.157068037262705055e-08
-2.664481080202469390e-08	-2.029586970477582161e-08	-1.097548112001122634e-08
-2.731626066764009881e-08	-1.921140095710240471e-08	-1.040208584072133095e-08
-2.791042088351137866e-08	-1.817040200223674834e-08	-9.850167920556610612e-09
-2.843435162831336794e-08	-1.717191218918728526e-08	-9.319316173738872221e-09
-2.889450108796596116e-08	-1.621484920939404688e-08	-8.809055152108744649e-09
-2.929674584676374529e-08	-1.529802998422585965e-08	-8.318855518908718665e-09
-2.964645137211682801e-08	-1.442020706893954263e-08	-7.848151841829662264e-09
-2.994851380488646647e-08	-1.358008974161683501e-08	-7.396352978232503671e-09
-3.020738867237809372e-08	-1.277635164563138636e-08	-6.962845854284404856e-09
-3.042714031391453627e-08	-1.200765669210784709e-08	-6.547008513334194545e-09
-3.061147695424660724e-08	-1.127267064091802125e-08	-6.148215759073799070e-09
-3.076376644146606287e-08	-1.057006017412232854e-08	-5.765839049497043709e-09
-3.088708442038475215e-08	-9.898515396234438146e-09	-5.399257953462977152e-09
-3.098423231855317242e-08	-9.256749233797709021e-09	-5.047859626937052126e-09
-3.105775784334871578e-08	-8.643502321983419647e-09	-4.711041939192963155e-09
-3.110998051207284072e-08	-8.057546740011332901e-09	-4.388215081932683072e-09
-3.114301496999660193e-08	-7.497692162498866818e-09	-4.078805248183132150e-09
-3.115878651025586274e-08	-6.962786392588093402e-09	-3.782254982704126316e-09
-3.115903990502138247e-08	-6.451712091423141755e-09	-3.498021337866784804e-09
-3.114537261208741323e-08	-5.963397676824713268e-09	-3.225582182834750165e-09
-3.111923349378700894e-08	-5.496809631309734177e-09	-2.964432055501474133e-09
-3.108194019703104112e-08	-5.050954202343163114e-09	-2.714083517420289778e-09
-3.103469460111835966e-08	-4.624879737513949964e-09	-2.474068134736414331e-09
-3.097858704305114408e-08	-4.217674026465314903e-09	-2.243935670956503635e-09
-3.091460886092402620e-08	-3.828462402655437300e-09	-2.023253023568949572e-09
-3.084366424256615542e-08	-3.456410355844889401e-09	-1.811605814088136961e-09
-3.076657082168947867e-08	-3.100719455501231511e-09	-1.608596428513315551e-09
-3.068407225907850843e-08	-2.760626867613330117e-09	-1.413843676625047271e-09
-3.059685023571811001e-08	-2.435407129435970567e-09	-1.226984644673479499e-09
-3.050551729948750733e-08	-2.124365780509350519e-09	-1.047670463808921817e-09
-3.041062962191112887e-08	-1.826841426512970943e-09	-8.755680777628391978e-10
-3.031269446054165679e-08	-1.542204723185461005e-09	-7.103597476447395236e-10
-3.021217169923974454e-08	-1.269855664139383114e-09	-5.517419647317211996e-10
-3.010947618210972919e-08	-1.009222707718954160e-09	-3.994244727791719274e-10
-3.000498205961140337e-08	-7.597607136015896023e-10	-2.531300280495118512e-10
-2.989903154065131842e-08	-5.209525001196980142e-10	-1.125948287152538774e-10
-2.979193459405612697e-08	-2.923059794212688513e-10	2.243279913678842535e-11
-2.968396855598504419e-08	-7.335205406041647761e-11	1.521932176349784335e-10
-2.957538124889915006e-08	1.363568471098571370e-10	2.769165793661053130e-10
-2.946640415904700959e-08	3.372435095072759486e-10	3.968205267851580144e-10
-2.935723938205425670e-08	5.297121923966793717e-10	5.121138256513367815e-10
-2.924806833289217053e-08	7.141475980021866844e-10	6.229956867517245491e-10
-2.913905777629213904e-08	8.909144917172750541e-10	7.296554061185463439e-10
-2.903035577645401615e-08	1.060360368491313181e-09	8.322735914795814030e-10
-2.892209337070699920e-08	1.222816200842890376e-09	9.310228444674228787e-10
-2.881438726070400266e-08	1.378596902144484370e-09	1.026067839142962560e-09
-2.870734277932326433e-08	1.528001762618556323e-09	1.117565221961444278e-09
-2.860105107043354460e-08	1.671315968491236017e-09	1.205664900670862980e-09
-2.849559810891461989e-08	1.808809548901530971e-09	1.290508800169749614e-09
-2.839105455119186397e-08	1.940741136315667005e-09	1.372233411507277156e-09
-2.828748209826290775e-08	2.067356839885576694e-09	1.450968826801336582e-09
-2.818493781049668767e-08	2.188889675069573930e-09	1.526838710324868273e-09
-2.808346973651336350e-08	2.305562382213745321e-09	1.599961120651026245e-09
-2.798311712001892138e-08	2.417587248911601618e-09	1.670449305037627062e-09
-2.788391793307542432e-08	2.525165625673948432e-09	1.738410500852130397e-09
-2.778590133626293111e-08	2.628489598893313161e-09	1.803947515324473335e-09
-2.768908977726793475e-08	2.727743030756112962e-09	1.867159030629352938e-09
-2.759350538536181148e-08	2.823099860364528258e-09	1.928138258199557878e-09
-2.749916239973315063e-08	2.914726564273261681e-09	1.986975103779935179e-09
-2.740607444827151887e-08	3.002781491975104297e-09	2.043754821744760140e-09
-2.731425009760209365e-08	3.087415742046286142e-09	2.098559157698418150e-09
-2.722369431933257373e-08	3.168773348577638370e-09	2.151466371956227117e-09
-2.713441020623783356e-08	3.246991727341674183e-09	2.202550984884447162e-09
-2.704639900444492542e-08	3.322201684354638571e-09	2.251884220298370731e-09
-2.695965816019224216e-08	3.394528451615149746e-09	2.299534471635649652e-09
-2.687418539197725052e-08	3.464090915043528126e-09	2.345566794265252777e-09
-2.678997446554501629e-08	3.531002985371718700e-09	2.390043542128124993e-09
-2.670701689152292003e-08	3.595373479261366545e-09	2.433024650153186585e-09
-2.662530647288333732e-08	3.657305746908983162e-09	2.474566862300290579e-09
-2.654483111062961619e-08	3.716899102853395897e-09	2.514725213944352459e-09
-2.646558134264909895e-08	3.774247919057747510e-09	2.553551684917303131e-09
-2.638754525140842644e-08	3.829442466833398764e-09	2.591096496737535555e-09
-2.631070918542645380e-08	3.882569217979875642e-09	2.627407523608017741e-09
-2.623506042871756258e-08	3.933710482350523587e-09	2.662530772245680617e-09
-2.616058446166303407e-08	3.982945049700356157e-09	2.696510077726686170e-09
-2.608726682208777007e-08	4.030348340946368956e-09	2.729387688545699509e-09
-2.601509147976466023e-08	4.075992352664768577e-09	2.761204017746571060e-09
-2.594404315073352418e-08	4.119946121066608567e-09	2.791997737750451448e-09
-2.587410478742075764e-08	4.162275347302749714e-09	2.821805994308565769e-09
-2.580526242274152708e-08	4.203043200747693706e-09	2.850664308542208452e-09
-2.573749833592281533e-08	4.242309883245828483e-09	2.878606758516419198e-09
-2.567079470290673363e-08	4.280133261701954126e-09	2.905666243492596591e-09
-2.560513671784482250e-08	4.316568537332777440e-09	2.931873923038267702e-09
-2.554050540781872427e-08	4.351668711026275510e-09	2.957260214833835967e-09
-2.547688529620928794e-08	4.385484418205140783e-09	2.981853883602006691e-09
-2.541425906607618157e-08	4.418064236445578655e-09	3.005682672312097207e-09
-2.535260976178580762e-08	4.449454531439479856e-09	3.028773324157024685e-09
-2.529192067469668598e-08	4.479700151105691286e-09	3.051151365822112824e-09
-2.523217424154320388e-08	4.508843499256137767e-09	3.072841462530914387e-09
-2.517335499288707440e-08	4.536925627083927096e-09	3.093867125455257567e-09
-2.511544463744088750e-08	4.563985944727992517e-09	3.114251251092687866e-09
-2.505842795497753457e-08	4.590061763547002321e-09	3.134015501861091147e-09
-2.500228793421504748e-08	4.615189467861454373e-09	3.153180865369593490e-09
-2.494700884909156245e-08	4.639403571038688530e-09	3.171767559012786394e-09
-2.489257478639440432e-08	4.662737264349557782e-09	3.189794945772091633e-09
-2.483896896857733254e-08	4.685222464856631193e-09	3.207281685721668010e-09
-2.478617723763159395e-08	4.706889796673260734e-09	3.224245662934680072e-09
-2.473418356137431884e-08	4.727768542628620559e-09	3.240704166245592173e-09
-2.468297235214274555e-08	4.747886994440520039e-09	3.256673858827811365e-09
-2.463252887820780102e-08	4.767272230680827575e-09	3.272170688688829244e-09
-2.458283816288694755e-08	4.785950217845994542e-09	3.287210056124723477e-09
-2.453388642601519757e-08	4.803945958624188884e-09	3.301806688824259266e-09
-2.448565892439330859e-08	4.821283421802265726e-09	3.315974944397655433e-09
-2.443814109131698966e-08	4.837985752754720354e-09	3.329728593773744742e-09
-2.439131967501793203e-08	4.854075136284939254e-09	3.343080845601795753e-09
-2.434518097278413202e-08	4.869572858834658119e-09	3.356044365789666141e-09
-2.429971136299381530e-08	4.884499327229285695e-09	3.368631566168888118e-09
-2.425489752204033650e-08	4.898874325873374300e-09	3.380854249219031150e-09
-2.421072779144096381e-08	4.912716862482126283e-09	3.392723828150598009e-09
-2.416718828425616494e-08	4.926045121117774682e-09	3.404251310707067318e-09
-2.412426627132154759e-08	4.938876618556431327e-09	3.415447367635854010e-09
-2.408195076073013747e-08	4.951228335195607742e-09	3.426322145796431573e-09
-2.404022868147159498e-08	4.963116347530461582e-09	3.436885643096272405e-09
-2.399908895593334645e-08	4.974556433677377259e-09	3.447147303020843745e-09
-2.395851948581206283e-08	4.985563632070872447e-09	3.457116338687257318e-09
-2.391850945001324211e-08	4.996152335826209212e-09	3.466801598687927927e-09
-2.387904759667312944e-08	5.006336599676186143e-09	3.476211782894601923e-09
-2.384012285789370585e-08	5.016129925779959046e-09	3.485354986912579241e-09
-2.380172485864083071e-08	5.025545088178605912e-09	3.494239326934757579e-09
-2.376384275193512179e-08	5.034594700859271841e-09	3.502872436209258349e-09
-2.372646669690638260e-08	5.043290767411306614e-09	3.511261820188437919e-09
-2.368958661319721300e-08	5.051644855665810452e-09	3.519414651838966620e-09
-2.365319238158229615e-08	5.059668102315122587e-09	3.527337873176498627e-09
-2.361727442455279559e-08	5.067371305900469610e-09	3.535038258645407715e-09
-2.358182358899863915e-08	5.074764956407122117e-09	3.542522196883055821e-09
-2.354683023957679174e-08	5.081858822873589654e-09	3.549796123714290313e-09
-2.351228581438105523e-08	5.088662793222601681e-09	3.556865874169885244e-09
-2.347818132593978191e-08	5.095186089016113551e-09	3.563737588941924076e-09
-2.344450754342738186e-08	5.101437680390317289e-09	3.570416696556129001e-09
-2.341125627826016252e-08	5.107426201411981630e-09	3.576908887137556819e-09
-2.337841934300093678e-08	5.113160068958322617e-09	3.583219315589723847e-09
-2.334598870774532298e-08	5.118647351347144984e-09	3.589353160527090893e-09
-2.331395607795589848e-08	5.123895886287139592e-09	3.595315445243959783e-09
-2.328231391614849994e-08	5.128913146736834930e-09	3.601110936182965795e-09
-2.325105399510791313e-08	5.133706342669589645e-09	3.606744303219705018e-09
-2.322016932758938329e-08	5.138282575347234454e-09	3.612220000775580426e-09
-2.318965265160753666e-08	5.142648629164207731e-09	3.617542454944335477e-09
-2.315949652031174112e-08	5.146810938781550533e-09	3.622715828595101053e-09
-2.312969379682822325e-08	5.150775961304824959e-09	3.627744294086320212e-09
-2.310023781727456670e-08	5.154549675285017953e-09	3.632631770389622668e-09
-2.307112188399908382e-08	5.158138060660896399e-09	3.637382014916056974e-09
-2.304233891932999261e-08	5.161546755052460980e-09	3.641998835730597264e-09
-2.301388317254332044e-08	5.164781294309267073e-09	3.646485867541519436e-09
-2.298574774752521092e-08	5.167847067405414080e-09	3.650846468078026670e-09
-2.295792673653078828e-08	5.170749165182673386e-09	3.655084161609001618e-09
-2.293041409043425394e-08	5.173492517718552890e-09	3.659202129381334369e-09
-2.290320364010612536e-08	5.176082029656764220e-09	3.663203537845165943e-09
-2.287628979418569675e-08	5.178522343579922405e-09	3.667091590803459399e-09
-2.284966659054403427e-08	5.180817912870133814e-09	3.670869158760974993e-09
-2.282332863442241724e-08	5.182973048430886025e-09	3.674539157440931064e-09
-2.279727036636933678e-08	5.184992065789382074e-09	3.678104403338795535e-09
-2.277148654222923170e-08	5.186879046178352662e-09	3.681567667969145345e-09
-2.274597214307098351e-08	5.188637822636157808e-09	3.684931519874503632e-09
-2.272072197629870407e-08	5.190272387110671979e-09	3.688198593407508772e-09
-2.269573071885558742e-08	5.191786233334974966e-09	3.691371359276983866e-09
-2.267099331529482876e-08	5.193183051181548292e-09	3.694452139121180380e-09
-2.264650537537825974e-08	5.194466224055060496e-09	3.697443447479601216e-09
-2.262226218204579984e-08	5.195639271362498316e-09	3.700347411701468942e-09
-2.259825900203698662e-08	5.196705268882018417e-09	3.703166328674735199e-09
-2.257449108593914411e-08	5.197667319462325111e-09	3.705902257636550530e-09
-2.255095458656929007e-08	5.198528696404321395e-09	3.708557420069062082e-09
-2.252764448526640034e-08	5.199292161621293283e-09	3.711133697454930821e-09
-2.250455698853717236e-08	5.199960577638273206e-09	3.713633129828964083e-09
-2.248168783034963270e-08	5.200536770898044966e-09	3.716057588957792447e-09
-2.245903287327264797e-08	5.201023349962123119e-09	3.718408949961845737e-09
-2.243658820977419650e-08	5.201423026085433996e-09	3.720689043088452695e-09
-2.241435002996762578e-08	5.201738259806409930e-09	3.722899541309692077e-09
-2.239231414065065843e-08	5.201971372872297492e-09	3.725042209875414929e-09
-2.237047700877937836e-08	5.202124927356240250e-09	3.727118697699694931e-09
-2.234883540614904655e-08	5.202201047022366112e-09	3.729130547992536975e-09
-2.232738513380365955e-08	5.202202115843323557e-09	3.731079398332901143e-09
-2.230612279237909978e-08	5.202130111172578955e-09	3.732966701609524279e-09
-2.228504488652320962e-08	5.201987197482437838e-09	3.734793980100079787e-09
-2.226414822826733999e-08	5.201775424288644516e-09	3.736562704038944468e-09
-2.224342929522612786e-08	5.201496684759405726e-09	3.738274141051165398e-09
-2.222288496995735894e-08	5.201152995561934166e-09	3.739929788313972671e-09
-2.220251202773523390e-08	5.200746081707470529e-09	3.741530902462643946e-09
-2.218230722879018834e-08	5.200277764424369176e-09	3.743078722089741070e-09
-2.216226786394674527e-08	5.199749857539496422e-09	3.744574590333828589e-09
-2.214239056853525002e-08	5.199163964168640312e-09	3.746019618343116099e-09
-2.212267248048383362e-08	5.198521706622979233e-09	3.747415146016419326e-09
-2.210311085664473447e-08	5.197824797659474286e-09	3.748762105483278160e-09
-2.208370282891351165e-08	5.197074600070239155e-09	3.750061830972549186e-09
-2.206444568511726025e-08	5.196272727844212070e-09	3.751315301216816160e-09
-2.204533650860758481e-08	5.195420655496347614e-09	3.752523584227498847e-09
-2.202637270238778871e-08	5.194519691933333296e-09	3.753687708579969555e-09
-2.200755170855028009e-08	5.193571176592987989e-09	3.754808724822765997e-09
-2.198887096155469105e-08	5.192576568955996422e-09	3.755887525991533108e-09
-2.197032805822139811e-08	5.191537118483641903e-09	3.756925184606370107e-09
-2.195192053712153632e-08	5.190454037407327900e-09	3.757922553115199174e-09
-2.193364575127027659e-08	5.189328522910910130e-09	3.758880534263312280e-09
-2.191550142795793945e-08	5.188161833943252372e-09	3.759800019006286288e-09
-2.189748549569339172e-08	5.186955019433816987e-09	3.760681926631917827e-09
-2.187959540535831863e-08	5.185709307566824138e-09	3.761526959703212186e-09
-2.186182892817998962e-08	5.184425658453893718e-09	3.762336095332081307e-09
-2.184418399913426881e-08	5.183105156179340691e-09	3.763109994099620442e-09
-2.182665874335996686e-08	5.181748948905438937e-09	3.763849485092813869e-09
-2.180925039683639880e-08	5.180357776542945167e-09	3.764555300938398175e-09
-2.179195727319036710e-08	5.178932856176061017e-09	3.765228250481710382e-09
-2.177477740686452701e-08	5.177474907368082996e-09	3.765868929889385618e-09
-2.175770881865503560e-08	5.175985052600749012e-09	3.766478151243305229e-09
-2.174074940908389776e-08	5.174464009818281874e-09	3.767056533724103672e-09
-2.172389713557204045e-08	5.172912687784486753e-09	3.767604689342221948e-09
-2.170715040494017281e-08	5.171331877068470118e-09	3.768123379061419845e-09
-2.169050736129323528e-08	5.169722532699943690e-09	3.768613203447782744e-09
-2.167396629324093208e-08	5.168085302071095891e-09	3.769074711709944645e-09
-2.165752510617174040e-08	5.166421057865686868e-09	3.769508580044722374e-09
-2.164118214492817121e-08	5.164730357970786330e-09	3.769915314181833238e-09
-2.162493571711400070e-08	5.163014170130798457e-09	3.770295582568057749e-09
-2.160878429385960094e-08	5.161273021932956188e-09	3.770649880062178220e-09
-2.159272613858192779e-08	5.159507653755039100e-09	3.770978758651597992e-09
-2.157675951126529634e-08	5.157718733125239500e-09	3.771282711233902946e-09
-2.156088303936887649e-08	5.155906898646494370e-09	3.771562378958067176e-09
-2.154509505479178124e-08	5.154072816917410445e-09	3.771818118369196268e-09
-2.152939400645992683e-08	5.152217112901033217e-09	3.772050496837515815e-09
-2.151377851908453952e-08	5.150340276483271639e-09	3.772260000895136767e-09
-2.149824706379599471e-08	5.148442977267387439e-09	3.772447069658394789e-09
-2.148279812421468146e-08	5.146525784011383667e-09	3.772612164910678857e-09
-2.146743018742128056e-08	5.144589188449349673e-09	3.772755772026009011e-09
-2.145214203636125307e-08	5.142633717712504478e-09	3.772878321104984946e-09
-2.143693233619525498e-08	5.140659947491166469e-09	3.772980165910721867e-09
-2.142173507723473035e-08	5.138923242960979269e-09	3.772259144635629190e-09
-2.140667826796312223e-08	5.136914501408255124e-09	3.772320944622054177e-09
-2.139169584340286775e-08	5.134888875676290348e-09	3.772363307610171451e-09
-2.137678660983291919e-08	5.132846891501947938e-09	3.772386634668049154e-09
-2.136194932818901332e-08	5.130789018183563486e-09	3.772391304542038444e-09
-2.134718255613372652e-08	5.128715555025323511e-09	3.772377636310434898e-09
-2.133248529351382822e-08	5.126627134616493285e-09	3.772346059139001692e-09
-2.131785632950144111e-08	5.124523989180909412e-09	3.772296907830977729e-09
-2.130329449859368558e-08	5.122406650931734652e-09	3.772230443635719154e-09
-2.128879855549039880e-08	5.120275477684598371e-09	3.772147164997104178e-09
-2.127436744085378252e-08	5.118130861255708240e-09	3.772047295116220596e-09
-2.126000018254480148e-08	5.115973112507512480e-09	3.771931089575659983e-09
-2.124569548390641802e-08	5.113802668356849517e-09	3.771799051327975039e-09
-2.123145241885477336e-08	5.111619923864620733e-09	3.771651342401161049e-09
-2.121726984452686170e-08	5.109425080483504240e-09	3.771488259775053480e-09
-2.120314656281606268e-08	5.107218528644109875e-09	3.771310155600126819e-09
-2.118908197397064611e-08	5.105000731401959258e-09	3.771117361902453709e-09
-2.117507486946658818e-08	5.102771833086044430e-09	3.770909984731462426e-09
-2.116112429589987245e-08	5.100532223662203122e-09	3.770688485176654043e-09
-2.114722918374663316e-08	5.098282194793102539e-09	3.770453063886101472e-09
-2.113338872025814078e-08	5.096022072613276001e-09	3.770203899078553544e-09
-2.111960201190911652e-08	5.093752092576003090e-09	3.769941374238724109e-09
-2.110586790523310829e-08	5.091472503558451552e-09	3.769665654745191202e-09
-2.109218567257144446e-08	5.089183689512751840e-09	3.769377080256811751e-09
-2.107855450878113261e-08	5.086885835244778205e-09	3.769075754625698071e-09
-2.106497337788531490e-08	5.084579228949922249e-09	3.768761999006989463e-09
-2.105144160172276197e-08	5.082264066304994046e-09	3.768436031513251412e-09
-2.103795819172341882e-08	5.079940695177709033e-09	3.768098058921915539e-09
-2.102452233259415828e-08	5.077609284189684592e-09	3.767748323173902664e-09
-2.101113325432214341e-08	5.075269994085466705e-09	3.767387044921217792e-09
-2.099779018022282602e-08	5.072923243513819249e-09	3.767014391739756576e-09
-2.098449237014751752e-08	5.070569085210336887e-09	3.766630580238657270e-09
-2.097123889567221555e-08	5.068207818935236597e-09	3.766235858714672354e-09
-2.095802921510059982e-08	5.065839620011235921e-09	3.765830358197248325e-09
-2.094486224757537137e-08	5.063464662371117655e-09	3.765414308246521544e-09
-2.093173759945673507e-08	5.061083203454322624e-09	3.764987897952165083e-09
-2.091865444152008527e-08	5.058695452346376092e-09	3.764551269209743762e-09
-2.090561195382838041e-08	5.056301504343580885e-09	3.764104658058904821e-09
-2.089260947394855555e-08	5.053901574782943441e-09	3.763648213570217417e-09
-2.087964638455034947e-08	5.051495935900402192e-09	3.763182126910209099e-09
-2.086672195381174823e-08	5.049084646445258252e-09	3.762706531305643982e-09
-2.085383556370860523e-08	5.046667894692833653e-09	3.762221569119494388e-09
-2.084098667739294065e-08	5.044245944550242316e-09	3.761727529470735469e-09
-2.082817419947136101e-08	5.041818830718404942e-09	3.761224436187715111e-09
-2.081539794858078148e-08	5.039386740772301999e-09	3.760712504949573235e-09
-2.080265715173730772e-08	5.036949893520538371e-09	3.760191842848176767e-09
-2.078995130124520352e-08	5.034508431904328646e-09	3.759662669730814671e-09
-2.077727967106486766e-08	5.032062382522766395e-09	3.759125093497286822e-09
-2.076464148195851671e-08	5.029611996795107516e-09	3.758579223203875137e-09
-2.075203644525931410e-08	5.027157368625571902e-09	3.758025238913275330e-09
-2.073946382038252793e-08	5.024698655533481176e-09	3.757463309129766735e-09
-2.072692314655906305e-08	5.022235965527855314e-09	3.756893420780293300e-09
-2.071441391887758240e-08	5.019769469076329847e-09	3.756315932029029350e-09
-2.070193545270055854e-08	5.017299285065287766e-09	3.755730786323991387e-09
-2.068948705043785457e-08	5.014825397535271769e-09	3.755138152974189673e-09
-2.067706852658970834e-08	5.012348109947243684e-09	3.754538187989089753e-09
-2.066467915396004071e-08	5.009867478506242645e-09	3.753931024711101378e-09
-2.065231844728005975e-08	5.007383601973725362e-09	3.753316754385080282e-09
-2.063998598422884576e-08	5.004896518288714441e-09	3.752695426050677231e-09
-2.062768106418299055e-08	5.002406468455721716e-09	3.752067302108928630e-09
-2.061540341399017768e-08	4.999913463347815483e-09	3.751432348213910743e-09
-2.060315243019793378e-08	4.997417650300842250e-09	3.750790738069267411e-09
-2.059092758868847284e-08	4.994919091996144224e-09	3.750142607561670369e-09
-2.057872856078951942e-08	4.992417881646196620e-09	3.749487979242525631e-09
-2.056655472708037799e-08	4.989914156870267141e-09	3.748827068447242347e-09
-2.055440572537709245e-08	4.987407947743278009e-09	3.748159831349934645e-09
-2.054228110300617438e-08	4.984899414084703560e-09	3.747486498201438004e-09
-2.053018042652682575e-08	4.982388596373552684e-09	3.746807109364582144e-09
-2.051810317089606569e-08	4.979875603781756246e-09	3.746121719540983101e-09
-2.050604894730454926e-08	4.977360426363565876e-09	3.745430511570492925e-09
-2.049401735977272483e-08	4.974843268585054670e-09	3.744733469724953867e-09
-2.048200799589899761e-08	4.972324157970502826e-09	3.744030775803384884e-09
-2.047002040510913123e-08	4.969803150722831895e-09	3.743322480805060706e-09
-2.045805426523333686e-08	4.967280360646258620e-09	3.742608665341586624e-09
-2.044610905027727005e-08	4.964755861286700836e-09	3.741889383762844109e-09
-2.043418443481553444e-08	4.962229631367003584e-09	3.741164796474525430e-09
-2.042227996712614086e-08	4.959701795324663819e-09	3.740434866816143005e-09
-2.041039544968190599e-08	4.957172513910724202e-09	3.739699861703813409e-09
-2.039853019923307653e-08	4.954641709178276434e-09	3.738959619808255030e-09
-2.038668408878920402e-08	4.952109494691772340e-09	3.738214364444609806e-09
-2.037485680450706180e-08	4.949575975928732483e-09	3.737464184204203412e-09
-2.036304763813080316e-08	4.947041127671510335e-09	3.736709060809833357e-09
-2.035125659707060980e-08	4.944505068114708642e-09	3.735949144952741439e-09
-2.033948327031266108e-08	4.941967897640993595e-09	3.735184423680323995e-09
-2.032772705856782590e-08	4.939429509853990898e-09	3.734415065145110902e-09
-2.031598783693600737e-08	4.936890128648677074e-09	3.733641090626376355e-09
-2.030426526841826529e-08	4.934349713779468637e-09	3.732862523138118856e-09
-2.029255893343415577e-08	4.931808332551533267e-09	3.732079468496878944e-09
-2.028086860163836278e-08	4.929266059217343318e-09	3.731291992279977174e-09
-2.026919391565189334e-08	4.926722938410808601e-09	3.730500145367862951e-09
-2.025753456485224777e-08	4.924178964120324530e-09	3.729704051621382467e-09
-2.024589018355971536e-08	4.921634232102624995e-09	3.728903610889168255e-09
-2.023426036793067553e-08	4.919088814059615598e-09	3.728099030875443293e-09
-2.022264516445571281e-08	4.916542624874196242e-09	3.727290345465140249e-09
-2.021104387993071292e-08	4.913995906017781685e-09	3.726477534880823145e-09
-2.019945650073503205e-08	4.911448483099120966e-09	3.725660726918553157e-09
-2.018788254990951633e-08	4.908900537910951436e-09	3.724839969451932670e-09
-2.017632183132337582e-08	4.906352099598722242e-09	3.724015262135605504e-09
-2.016477409332606333e-08	4.903803106174979909e-09	3.723186737733742047e-09
-2.015323902829328135e-08	4.901253759792835102e-09	3.722354342932507029e-09
-2.014171626638198349e-08	4.898703903170691289e-09	3.721518224373858645e-09
-2.013020561908554981e-08	4.896153731060171917e-09	3.720678386105484454e-09
-2.011870678987334280e-08	4.893603156954312455e-09	3.719834903991039621e-09
-2.010721958401946929e-08	4.891052318712064458e-09	3.718987742184328874e-09
-2.009574361569569364e-08	4.888501142774893103e-09	3.718137088608971523e-09
-2.008427877758903610e-08	4.885949776249435633e-09	3.717282808420715461e-09
-2.007282463601862767e-08	4.883398114589691005e-09	3.716425147025108063e-09
-2.006138113084738897e-08	4.880846322016148828e-09	3.715563985882712357e-09
-2.004994789893987124e-08	4.878294304159850190e-09	3.714699450009266319e-09
-2.003852464977917568e-08	4.875742204885118425e-09	3.713831540906613547e-09
-2.002711134013848792e-08	4.873189949258134161e-09	3.712960293042677815e-09
-2.001570752613426829e-08	4.870637608511973576e-09	3.712085854558093225e-09
-2.000431308472534290e-08	4.868085216417997440e-09	3.711208108418432846e-09
-1.999292780034340493e-08	4.865532813684384205e-09	3.710327183687123044e-09
-1.998155130638355868e-08	4.862980356827398023e-09	3.709443125120030242e-09
-1.997018350893944684e-08	4.860427923562651776e-09	3.708555930172892874e-09
-1.995882411865918500e-08	4.857875511114586414e-09	3.707665649962229007e-09
-1.994747301618529923e-08	4.855323138910036585e-09	3.706772300792859566e-09
-1.993612986755120742e-08	4.852770832397821812e-09	3.705875914010196225e-09
-1.992479447150347611e-08	4.850218687791062134e-09	3.704976640993032894e-09
-1.991346666544919115e-08	4.847666561225425943e-09	3.704074356495915681e-09
-1.990214630089602234e-08	4.845114609057323150e-09	3.703169176167075629e-09
-1.989083302072223649e-08	4.842562814633408548e-09	3.702261089135579395e-09
-1.987952674559314287e-08	4.840011179804053737e-09	3.701350202722985420e-09
-1.986822716348134172e-08	4.837459681900143244e-09	3.700436449504797779e-09
-1.985693419160810968e-08	4.834908448603511222e-09	3.699519953807598019e-09
-1.984564758431119420e-08	4.832357406355696466e-09	3.698600663816245806e-09
-1.983436712857502078e-08	4.829806573662477112e-09	3.697678712874729566e-09
-1.982309263404259954e-08	4.827256008810562613e-09	3.696753960817392108e-09
-1.981182395129641531e-08	4.824705714112917055e-09	3.695826624253372516e-09
-1.980056091172134821e-08	4.822155649786549436e-09	3.694896603146949375e-09
-1.978930325788443176e-08	4.819605911125601989e-09	3.693963962955022287e-09
-1.977805079363783276e-08	4.817056472222817632e-09	3.693028795385064284e-09
-1.976680356896688782e-08	4.814507364078083531e-09	3.692091023651373551e-09
-1.975556106967425749e-08	4.811958502955918685e-09	3.691150692967684559e-09
-1.974432333902081286e-08	4.809410067881839373e-09	3.690207908806759101e-09
-1.973309020191513592e-08	4.806861971425783068e-09	3.689262596575488537e-09
-1.972186144417669400e-08	4.804314202022926046e-09	3.688314883486926808e-09
-1.971063678524288311e-08	4.801766836463693735e-09	3.687364648919968686e-09
-1.969941627668441750e-08	4.799219820622668398e-09	3.686412054664918693e-09
-1.968819959725569740e-08	4.796673226670484149e-09	3.685457077481197015e-09
-1.967698663475274652e-08	4.794126963007604275e-09	3.684499727194188971e-09
-1.966577726035183599e-08	4.791581202183235364e-09	3.683539996866571473e-09
-1.965457117984386033e-08	4.789035822072846196e-09	3.682577983989804368e-09
-1.964336842907977357e-08	4.786490890215002559e-09	3.681613686366571280e-09
-1.963216881192017315e-08	4.783946327043721627e-09	3.680647034723581291e-09
-1.962097207347635457e-08	4.781402297704678811e-09	3.679678216989211242e-09
-1.960977815776621960e-08	4.778858664805736970e-09	3.678707115085047482e-09
-1.959858684300153634e-08	4.776315479238229553e-09	3.677733781635741143e-09
-1.958739803872030440e-08	4.773772837677967518e-09	3.676758235255952144e-09
-1.957621157770354579e-08	4.771230584233170790e-09	3.675780586160013605e-09
-1.956502734545950779e-08	4.768688819749098043e-09	3.674800703781072341e-09
-1.955384513150841086e-08	4.766147566430209275e-09	3.673818703420415031e-09
-1.954266484795759998e-08	4.763606787269070884e-09	3.672834579179982104e-09
-1.953148634306826287e-08	4.761066552115184492e-09	3.671848366330918662e-09
-1.952030958170832501e-08	4.758526749027151542e-09	3.670860050190595538e-09
-1.950913421898976991e-08	4.755987470054875506e-09	3.669869610631524257e-09
-1.949796029285355246e-08	4.753448686519623217e-09	3.668877230032531480e-09
-1.948678759004433160e-08	4.750910477524786667e-09	3.667882705084025739e-09
-1.947561604279223867e-08	4.748372769980683623e-09	3.666886193414547518e-09
-1.946444549728513320e-08	4.745835590255108935e-09	3.665887715378184804e-09
-1.945327574813174635e-08	4.743298870809497642e-09	3.664887186204784343e-09
-1.944210678167730815e-08	4.740762743480811462e-09	3.663884718534161408e-09
-1.943093838469133595e-08	4.738227141661731986e-09	3.662880315609152686e-09
-1.941977049701189192e-08	4.735692048692851604e-09	3.661873880743150444e-09
-1.940860304925831874e-08	4.733157549693288734e-09	3.660865622335830172e-09
-1.939743571992853442e-08	4.730623599328937586e-09	3.659855344479087621e-09
-1.938626864595004708e-08	4.728090129136044919e-09	3.658843249441679509e-09
-1.937510151854207801e-08	4.725557233946159650e-09	3.657829248174468369e-09
-1.936393429814467139e-08	4.723024911444305167e-09	3.656813350852938337e-09
-1.935276683860323517e-08	4.720493123241307999e-09	3.655795578182801124e-09
-1.934159901175475926e-08	4.717961929930800785e-09	3.654775994806740120e-09
-1.933043085137678347e-08	4.715431220492496075e-09	3.653754589277140198e-09
-1.931926202070165393e-08	4.712901130466119582e-09	3.652731304348126651e-09
-1.930809259143127870e-08	4.710371562244564994e-09	3.651706261565990505e-09
-1.929692243149537738e-08	4.707842595856409276e-09	3.650679405072636165e-09
-1.928575127444042008e-08	4.705314155899003629e-09	3.649650760079378092e-09
-1.927457916512970538e-08	4.702786320548548335e-09	3.648620355612366967e-09
-1.926340594746277042e-08	4.700259011632854110e-09	3.647588124831591028e-09
-1.925223161748292909e-08	4.697732277255569713e-09	3.646554244789827236e-09
-1.924105589833652622e-08	4.695206138235382767e-09	3.645518548608232217e-09
-1.922987876966947588e-08	4.692680521020016898e-09	3.644481191602381546e-09
-1.921870020118193717e-08	4.690155494535819488e-09	3.643442026552075594e-09
-1.920752000968711698e-08	4.687631060633161306e-09	3.642401226004476575e-09
-1.919633811283528766e-08	4.685107170275194070e-09	3.641358692813517627e-09
-1.918515436840367821e-08	4.682583825318283129e-09	3.640314520890219725e-09
-1.917396881823239096e-08	4.680061083117958389e-09	3.639268623840696407e-09
-1.916278121623017764e-08	4.677538885389508862e-09	3.638221053476908327e-09
-1.915159153417887016e-08	4.675017245085536558e-09	3.637171881269462778e-09
-1.914039969598192851e-08	4.672496239921651878e-09	3.636120998624669502e-09
-1.912920551937774124e-08	4.669975713078854908e-09	3.635068550334115097e-09
-1.911800901361816800e-08	4.667455801484649649e-09	3.634014410919468270e-09
-1.910681004662477898e-08	4.664936393189560951e-09	3.632958674632488851e-09
-1.909560854695140718e-08	4.662417636691882991e-09	3.631901320892438057e-09
-1.908440438643537671e-08	4.659899408935932298e-09	3.630842345762629763e-09
-1.907319749523329551e-08	4.657381688181829903e-09	3.629781830660967287e-09
-1.906198786201164104e-08	4.654864631248576546e-09	3.628719699953507657e-09
-1.905077529571953472e-08	4.652348027193799367e-09	3.627655963354702584e-09
-1.903955968440948579e-08	4.649832047639473540e-09	3.626590721247216193e-09
-1.902834108381582876e-08	4.647316600527625619e-09	3.625523870239984721e-09
-1.901711930429980473e-08	4.644801735361642022e-09	3.624455473944172106e-09
-1.900589431068001275e-08	4.642287396624427399e-09	3.623385513157534815e-09
-1.899466596511186939e-08	4.639773600971309705e-09	3.622314086645208859e-09
-1.898343421092774552e-08	4.637260367368598228e-09	3.621241049384310984e-09
-1.897219908397859185e-08	4.634747656495893627e-09	3.620166536914569387e-09
-1.896096025096620478e-08	4.632235547919180381e-09	3.619090470826482457e-09
-1.894971788767589431e-08	4.629723944956536322e-09	3.618012940169189316e-09
-1.893847174268033293e-08	4.627212879062307434e-09	3.616933850803486258e-09
-1.892722186735155935e-08	4.624702367820943198e-09	3.615853306817409089e-09
-1.891596809490059385e-08	4.622192401049481349e-09	3.614771282763719855e-09
-1.890471036196028623e-08	4.619682951919504897e-09	3.613687700928349195e-09
-1.889344866737415527e-08	4.617174046798810346e-09	3.612602746348468016e-09
-1.888218279210444390e-08	4.614665663020345214e-09	3.611516271919525638e-09
-1.887091279675083062e-08	4.612157809373373348e-09	3.610428317193216818e-09
-1.885963854669072952e-08	4.609650499733718829e-09	3.609338901365609357e-09
-1.884835997556617993e-08	4.607143677670939116e-09	3.608248069081537638e-09
-1.883707698759632407e-08	4.604637377873609240e-09	3.607155762743564856e-09
-1.882578960383718008e-08	4.602131630874827593e-09	3.606062069320701262e-09
-1.881449765567362809e-08	4.599626366360467683e-09	3.604966839395430851e-09
-1.880320114102399529e-08	4.597121632440195179e-09	3.603870245514915010e-09
-1.879189994238968111e-08	4.594617411535479078e-09	3.602772213201693220e-09
-1.878059399200082020e-08	4.592113660162583533e-09	3.601672771367822724e-09
-1.876928323202529843e-08	4.589610440307004083e-09	3.600571922093437357e-09
-1.875796762894913227e-08	4.587107726069408039e-09	3.599469602239207341e-09
-1.874664703865061865e-08	4.584605481361675440e-09	3.598365958442485130e-09
-1.873532147293387637e-08	4.582103733478746527e-09	3.597260860022304666e-09
-1.872399085315811338e-08	4.579602511563975199e-09	3.596154400191139924e-09
-1.871265507107658212e-08	4.577101767507697441e-09	3.595046504008937073e-09
-1.870131407672924782e-08	4.574601435621717411e-09	3.593937270933175678e-09
-1.868996781459698852e-08	4.572101675036053573e-09	3.592826605668180331e-09
-1.867861627799611540e-08	4.569602354380161581e-09	3.591714623635482472e-09
-1.866725926613738890e-08	4.567103506954884500e-09	3.590601181889271701e-09
-1.865589685142456993e-08	4.564605111945489459e-09	3.589486484434560566e-09
-1.864452893532537299e-08	4.562107181379393493e-09	3.588370276151350390e-09
-1.863315538021839129e-08	4.559609712481038380e-09	3.587252844078551974e-09
-1.862177624415904466e-08	4.557112761686761977e-09	3.586133968947117787e-09
-1.861039138883204752e-08	4.554616202708694074e-09	3.585013766405280114e-09
-1.859900075177942371e-08	4.552120138240525208e-09	3.583892220029461777e-09
-1.858760434805922867e-08	4.549624487796906798e-09	3.582769311320529382e-09
-1.857620202961794489e-08	4.547129278202406962e-09	3.581645018763327842e-09
-1.856479377009569528e-08	4.544634514547488574e-09	3.580519470035033451e-09
-1.855337951444393104e-08	4.542140160287310517e-09	3.579392545092781589e-09
-1.854195920992705253e-08	4.539646307477865138e-09	3.578264236766381697e-09
-1.853053282578263299e-08	4.537152838157956899e-09	3.577134651452207244e-09
-1.851910027942993968e-08	4.534659789333085454e-09	3.576003755842042499e-09
-1.850766146519017087e-08	4.532167135566440288e-09	3.574871466905030755e-09
-1.849621638604649719e-08	4.529674967983027760e-09	3.573737897046680104e-09
-1.848476505380293488e-08	4.527183155208390130e-09	3.572602972716239079e-09
-1.847330726746285696e-08	4.524691723610324729e-09	3.571466772785802604e-09
-1.846184301176069486e-08	4.522200808728558099e-09	3.570329232029766907e-09
-1.845037234081982236e-08	4.519710133007335739e-09	3.569190355074061809e-09
-1.843889508139918809e-08	4.517220015635774745e-09	3.568050250859321931e-09
-1.842741121036128972e-08	4.514730131871718380e-09	3.566908715149248823e-09
-1.841592069234133700e-08	4.512240755113359183e-09	3.565765978550978569e-09
-1.840442349215869661e-08	4.509751687827742590e-09	3.564621879615018294e-09
-1.839291949972411257e-08	4.507263025310938162e-09	3.563476478017375269e-09
-1.838140874117408019e-08	4.504774754610342233e-09	3.562329811228077236e-09
-1.836989108744518013e-08	4.502286757764758439e-09	3.561181808932999357e-09
-1.835836653159850855e-08	4.499799241553226440e-09	3.560032539133301560e-09
-1.834683500099916382e-08	4.497312010759612894e-09	3.558881916016478795e-09
-1.833529646930280663e-08	4.494825161146406387e-09	3.557730037194190592e-09
-1.832375093903023679e-08	4.492338625631878922e-09	3.556576925328938284e-09
-1.831219822908414591e-08	4.489852484246525694e-09	3.555422404405630584e-09
-1.830063833483860250e-08	4.487366662975477846e-09	3.554266643270685682e-09
-1.828907131272994608e-08	4.484881126661673370e-09	3.553109655801891385e-09
-1.827749701773529339e-08	4.482395980776298283e-09	3.551951292813029174e-09
-1.826591540891516644e-08	4.479911160093751708e-09	3.550791661625657489e-09
-1.825432646937714413e-08	4.477426662299158776e-09	3.549630791844211043e-09
-1.824273010662598964e-08	4.474942432349688965e-09	3.548468553484616413e-09
-1.823112634006725756e-08	4.472458517424093093e-09	3.547305107524672934e-09
-1.821951502167899230e-08	4.469974951293564014e-09	3.546140371855649540e-09
-1.820789624166681460e-08	4.467491658555454583e-09	3.544974306925850235e-09
-1.819626986379711167e-08	4.465008691945358636e-09	3.543807034859807893e-09
-1.818463579878944442e-08	4.462525958019505540e-09	3.542638389586662546e-09
-1.817299415303243813e-08	4.460043547906799329e-09	3.541468537407060801e-09
-1.816134476811126130e-08	4.457561426455882236e-09	3.540297346717844367e-09
-1.814968759034188887e-08	4.455079572844368310e-09	3.539124935938273696e-09
-1.813802264239912152e-08	4.452597973196372260e-09	3.537951209775714921e-09
-1.812634980955991691e-08	4.450116639076715329e-09	3.536776187890368127e-09
-1.811466915196135442e-08	4.447635604717275377e-09	3.535599971590084062e-09
-1.810298048803570804e-08	4.445154801191705852e-09	3.534422400586413381e-09
-1.809128389087266000e-08	4.442674206295546757e-09	3.533243556758304232e-09
-1.807957928644963377e-08	4.440193920409569212e-09	3.532063432240171030e-09
-1.806786662043509061e-08	4.437713851946053604e-09	3.530882084860647151e-09
-1.805614581601547382e-08	4.435233993497834122e-09	3.529699398041797693e-09
-1.804441685099403023e-08	4.432754405203883579e-09	3.528515449500739765e-09
-1.803267979938563368e-08	4.430275015362298854e-09	3.527330263986195344e-09
-1.802093441000232286e-08	4.427795842014204261e-09	3.526143761700884535e-09
-1.800918080705029931e-08	4.425316932806670502e-09	3.524955976645387302e-09
-1.799741890771775242e-08	4.422838161912536364e-09	3.523766926628029145e-09
-1.798564865790433053e-08	4.420359600114176259e-09	3.522576562849762972e-09
-1.797386997755843870e-08	4.417881270998173032e-09	3.521384990083380004e-09
-1.796208290415778092e-08	4.415403141259720594e-09	3.520192087824925296e-09
-1.795028738751101624e-08	4.412925189156953089e-09	3.518997910660363453e-09
-1.793848328282656425e-08	4.410447395260966262e-09	3.517802418112814334e-09
-1.792667073859675517e-08	4.407969784551778333e-09	3.516605711258832031e-09
-1.791484951843660047e-08	4.405492369981991311e-09	3.515407695498162629e-09
-1.790301975810949385e-08	4.403015145998613530e-09	3.514208381237649374e-09
-1.789118126126763285e-08	4.400538008061274565e-09	3.513007832782203484e-09
-1.787933408941298130e-08	4.398061071349981114e-09	3.511805921295200351e-09
-1.786747819675646999e-08	4.395584269253229232e-09	3.510602779079715073e-09
-1.785561355253567215e-08	4.393107631376966962e-09	3.509398307372157642e-09
-1.784374003300697873e-08	4.390631124877095553e-09	3.508192619970388328e-09
-1.783185768905561279e-08	4.388154741426942816e-09	3.506985549415767640e-09
-1.781996652576249485e-08	4.385678484725382519e-09	3.505777276118041951e-09
-1.780806633891564101e-08	4.383202405663246012e-09	3.504567649276401531e-09
-1.779615728831812015e-08	4.380726379797425569e-09	3.503356776670514401e-09
-1.778423916835497063e-08	4.378250486695775927e-09	3.502144567633661214e-09
-1.777231204540827374e-08	4.375774734222375134e-09	3.500931100575343165e-09
-1.776037588131411960e-08	4.373299053913471602e-09	3.499716328079785383e-09
-1.774843057869669401e-08	4.370823459184259001e-09	3.498500253616434820e-09
-1.773647616808712751e-08	4.368347966688084188e-09	3.497282881117331327e-09
-1.772451257523170283e-08	4.365872568096411337e-09	3.496064212893949234e-09
-1.771253974834268331e-08	4.363397276367427581e-09	3.494844254733170903e-09
-1.770055775031003188e-08	4.360922011466972485e-09	3.493622964765865754e-09
-1.768856640743766184e-08	4.358446890895510260e-09	3.492400387171148532e-09
-1.767656581178157048e-08	4.355971720826604909e-09	3.491176514778828675e-09
-1.766455578894421863e-08	4.353496742733763956e-09	3.489951338568344440e-09
-1.765253647839737640e-08	4.351021708667179287e-09	3.488724806497991546e-09
-1.764050771637563090e-08	4.348546774056219644e-09	3.487497021493208827e-09
-1.762846950336413018e-08	4.346071886170853981e-09	3.486267913475629086e-09
-1.761642182106789564e-08	4.343597027889580993e-09	3.485037485678941634e-09
-1.760436466787537100e-08	4.341122185799060723e-09	3.483805734403890547e-09
-1.759229788557977391e-08	4.338647407546364699e-09	3.482572682548825377e-09
-1.758022154380134298e-08	4.336172654736279381e-09	3.481338343528941032e-09
-1.756813567330250829e-08	4.333697889898778680e-09	3.480102595682297537e-09
-1.755604008372627996e-08	4.331223157442781760e-09	3.478865587269928441e-09
-1.754393481184131268e-08	4.328748417583453011e-09	3.477627287527920942e-09
-1.753181990231026409e-08	4.326273711497098863e-09	3.476387572254522488e-09
-1.751969520407410886e-08	4.323798999395191170e-09	3.475146626019862512e-09
-1.750756075090960596e-08	4.321324208189893137e-09	3.473904319761997783e-09
-1.749541650927876708e-08	4.318849520142817864e-09	3.472660639834436324e-09
-1.748326239522097994e-08	4.316374738651971132e-09	3.471415711137268817e-09
-1.747109845522683239e-08	4.313899931718512867e-09	3.470169346089062789e-09
-1.745892460209011350e-08	4.311425141436562638e-09	3.468921751929971384e-09
-1.744674083143851863e-08	4.308950256326738655e-09	3.467672737382255517e-09
-1.743454709560265145e-08	4.306475416086589982e-09	3.466422458566591442e-09
-1.742234333491546308e-08	4.304000472688219377e-09	3.465170753808230527e-09
-1.741012960858885123e-08	4.301525502459458127e-09	3.463917770674315526e-09
-1.739790584746517312e-08	4.299050438324332932e-09	3.462663455041474731e-09
-1.738567195995102392e-08	4.296575392692925365e-09	3.461407726881131592e-09
-1.737342794142048208e-08	4.294100222624020014e-09	3.460150725665053329e-09
-1.736117384460173569e-08	4.291625028035860032e-09	3.458892305443697267e-09
-1.734890953027651902e-08	4.289149740470180524e-09	3.457632582332311938e-09
-1.733663508353972403e-08	4.286674320138502146e-09	3.456371468433816911e-09
-1.732435033717141320e-08	4.284198927562398557e-09	3.455109049560675051e-09
-1.731205535500940584e-08	4.281723371228399497e-09	3.453845248691163858e-09
-1.729975005609994413e-08	4.279247734865823472e-09	3.452580033443778723e-09
-1.728743451098844833e-08	4.276772020787636220e-09	3.451313586542725645e-09
-1.727510857210040799e-08	4.274296194297545115e-09	3.450045629505591941e-09
-1.726277223251902485e-08	4.271820280843628526e-09	3.448776423933089887e-09
-1.725042551419536619e-08	4.269344215194817085e-09	3.447505777613446247e-09
-1.723806837596602961e-08	4.266868058877791580e-09	3.446233825162673731e-09
-1.722570076139467889e-08	4.264391765170666281e-09	3.444960404673247226e-09
-1.721332264156925390e-08	4.261915359053460236e-09	3.443685730788285266e-09
-1.720093402296605274e-08	4.259438804443924812e-09	3.442409587939483519e-09
-1.718853483897169791e-08	4.256962136499122015e-09	3.441132131789362750e-09
-1.717612508703460854e-08	4.254485347815751449e-09	3.439853260334715235e-09
-1.716370470842744268e-08	4.252008389826997807e-09	3.438573025159052128e-09
-1.715127374846234694e-08	4.249531270854091257e-09	3.437291429727421022e-09
-1.713883210352582086e-08	4.247053983497359415e-09	3.436008379672331248e-09
-1.712637971556246113e-08	4.244576603159448599e-09	3.434724012846475086e-09
-1.711391666945806170e-08	4.242099008641013388e-09	3.433438211751248656e-09
-1.710144288287108729e-08	4.239621261004319805e-09	3.432151042537441114e-09
-1.708895826466343977e-08	4.237143335267542242e-09	3.430862515380633792e-09
-1.707646290413741895e-08	4.234665243000923282e-09	3.429572539617000818e-09
-1.706395667613977429e-08	4.232186977260150989e-09	3.428281169828120259e-09
-1.705143964544080245e-08	4.229708477909950874e-09	3.426988440247331191e-09
-1.703891167650077608e-08	4.227229868462634095e-09	3.425694319649610219e-09
-1.702637279615008912e-08	4.224751009677729262e-09	3.424398753680289808e-09
-1.701382304047098525e-08	4.222271950127494527e-09	3.423101788136068234e-09
-1.700126224986890466e-08	4.219792709240831666e-09	3.421803441751960196e-09
-1.698869048007905536e-08	4.217313234742943518e-09	3.420503662022209782e-09
-1.697610768902720651e-08	4.214833585851117728e-09	3.419202538000330247e-09
-1.696351388432441566e-08	4.212353694558800324e-09	3.417899916332391603e-09
-1.695090897600359779e-08	4.209873596487444087e-09	3.416595906191782622e-09
-1.693829297678606281e-08	4.207393243989978315e-09	3.415290539960008327e-09
-1.692566581959583410e-08	4.204912662509014542e-09	3.413983685798084957e-09
-1.691302751114050602e-08	4.202431869623082116e-09	3.412675478551849911e-09
-1.690037808471956753e-08	4.199950863480020247e-09	3.411365756543621375e-09
-1.688771736919525267e-08	4.197469562668844569e-09	3.410054697876039320e-09
-1.687504550147344707e-08	4.194988037035716552e-09	3.408742229223761476e-09
-1.686236229259215133e-08	4.192506277330566572e-09	3.407428238640754180e-09
-1.684966786883922986e-08	4.190024216014828842e-09	3.406112900755847071e-09
-1.683696201880971816e-08	4.187541905361503885e-09	3.404796098995622893e-09
-1.682424497125581880e-08	4.185059395793219797e-09	3.403477881701041905e-09
-1.681151644237676714e-08	4.182576521701709511e-09	3.402158240776728575e-09
-1.679877653277936472e-08	4.180093459333095447e-09	3.400837126261196828e-09
-1.678602525150566178e-08	4.177610074078182929e-09	3.399514604772177212e-09
-1.677326250601558499e-08	4.175126398775723812e-09	3.398190645080298255e-09
-1.676048828729573102e-08	4.172642447767879309e-09	3.396865246261823379e-09
-1.674770251670531112e-08	4.170158219204278650e-09	3.395538357894124074e-09
-1.673490530804217604e-08	4.167673665437850306e-09	3.394210075271342569e-09
-1.672209648320805666e-08	4.165188838741595626e-09	3.392880355603633813e-09
-1.670927606717584004e-08	4.162703717371871971e-09	3.391549138289878357e-09
-1.669644411432157057e-08	4.160218273578426631e-09	3.390216465892963157e-09
-1.668360048353303670e-08	4.157732494865928004e-09	3.388882405715820851e-09
-1.667074518962032826e-08	4.155246438135080736e-09	3.387546872411503076e-09
-1.665787821500492088e-08	4.152760041861024661e-09	3.386209845394623950e-09
-1.664499954765939668e-08	4.150273323159698298e-09	3.384871359590950063e-09
-1.663210913878019879e-08	4.147786279255545077e-09	3.383531461028477175e-09
-1.661920694789044831e-08	4.145298912924121567e-09	3.382190049093243679e-09
-1.660629302910644166e-08	4.142811156625094296e-09	3.380847234112221947e-09
-1.659336720712669336e-08	4.140323105657904413e-09	3.379502852100542698e-09
-1.658042959040800521e-08	4.137834710057218215e-09	3.378157117696999967e-09
-1.656748012992261137e-08	4.135345932354774816e-09	3.376809834994931280e-09
-1.655451873292062911e-08	4.132856809558006991e-09	3.375461066213084287e-09
-1.654154545398802139e-08	4.130367339816544799e-09	3.374110914509682577e-09
-1.652856021008935758e-08	4.127877496299997594e-09	3.372759193459776543e-09
-1.651556301902742399e-08	4.125387267904375552e-09	3.371406009227004942e-09
-1.650255380449551386e-08	4.122896684703496612e-09	3.370051380319397084e-09
-1.648953257318009866e-08	4.120405710609836383e-09	3.368695240813149201e-09
-1.647649932161877570e-08	4.117914385408143624e-09	3.367337642982699457e-09
-1.646345393346942233e-08	4.115422629532436337e-09	3.365978506105581329e-09
-1.645039651975433768e-08	4.112930527174626340e-09	3.364617908822593085e-09
-1.643732696019936629e-08	4.110437981652793120e-09	3.363255831704831712e-09
-1.642424521409632638e-08	4.107945064206246484e-09	3.361892246302832038e-09
-1.641115127611840643e-08	4.105451706369482879e-09	3.360527108668833465e-09
-1.639804524088684633e-08	4.102957999741152282e-09	3.359160566836870504e-09
-1.638492686667585013e-08	4.100463845783711639e-09	3.357792460051602878e-09
-1.637179628533140656e-08	4.097969250050026057e-09	3.356422855390437807e-09
-1.635865343856679955e-08	4.095474245846785943e-09	3.355051759098380052e-09
-1.634549822137343889e-08	4.092978792928406985e-09	3.353679151746526600e-09
-1.633233074199806550e-08	4.090482993527925317e-09	3.352304988925956218e-09
-1.631915089658161214e-08	4.087986625136400660e-09	3.350929366160680078e-09
-1.630595867288623941e-08	4.085489932008126542e-09	3.349552223086606509e-09
-1.629275397467174623e-08	4.082992708746616289e-09	3.348173510664599660e-09
-1.627953687202791529e-08	4.080495083029258783e-09	3.346793314475779830e-09
-1.626630736842419686e-08	4.077996938282637594e-09	3.345411559580092775e-09
-1.625306531004844052e-08	4.075498392005355778e-09	3.344028298481835672e-09
-1.623981077531014871e-08	4.072999359080314890e-09	3.342643504350618705e-09
-1.622654367284721947e-08	4.070499866337904747e-09	3.341257194996269534e-09
-1.621326405585092636e-08	4.067999880932292828e-09	3.339869298715460629e-09
-1.619997181702044589e-08	4.065499398705346419e-09	3.338479908493642114e-09
-1.618666694569540189e-08	4.062998444631879948e-09	3.337088948230005727e-09
-1.617334949623738291e-08	4.060496976155078788e-09	3.335696414687824750e-09
-1.616001930581367182e-08	4.057995050173873283e-09	3.334302378412520678e-09
-1.614667647943286548e-08	4.055492615803040369e-09	3.332906774409787223e-09
-1.613332091116118208e-08	4.052989624007731059e-09	3.331509647782434759e-09
-1.611995257069191510e-08	4.050486171468139541e-09	3.330110903697493687e-09
-1.610657156814279538e-08	4.047982225345348527e-09	3.328710594200927439e-09
-1.609317766895859430e-08	4.045477669985945927e-09	3.327308752132574371e-09
-1.607977098740663725e-08	4.042972606236916745e-09	3.325905348581796267e-09
-1.606635142749889080e-08	4.040467068330137186e-09	3.324500364582283840e-09
-1.605291904359002495e-08	4.037960979475181823e-09	3.323093763589194733e-09
-1.603947378456352041e-08	4.035454279072377945e-09	3.321685639740190789e-09
-1.602601553338336577e-08	4.032947055939565535e-09	3.320275890108344663e-09
-1.601254436706445681e-08	4.030439310537620682e-09	3.318864590557482333e-09
-1.599906022456500684e-08	4.027931004476484831e-09	3.317451651117523555e-09
-1.598556310956528470e-08	4.025422085478002473e-09	3.316037154819654257e-09
-1.597205293279167387e-08	4.022912642824327439e-09	3.314621062576187474e-09
-1.595852976108885803e-08	4.020402590010580520e-09	3.313203368373414273e-09
-1.594499343810042479e-08	4.017891944615295200e-09	3.311784071054853027e-09
-1.593144406976015927e-08	4.015380723754409169e-09	3.310363115803242060e-09
-1.591788155197786011e-08	4.012868943154369568e-09	3.308940611095211098e-09
-1.590430588477388917e-08	4.010356532506185869e-09	3.307516442905836308e-09
-1.589071709611475976e-08	4.007843533900681326e-09	3.306090693572426883e-09
-1.587711502895696026e-08	4.005329851582830178e-09	3.304663303653202084e-09
-1.586349976494814049e-08	4.002815671052397060e-09	3.303234280087055813e-09
-1.584987121064452900e-08	4.000300782754785744e-09	3.301803650860859931e-09
-1.583622945093193296e-08	3.997785282909325085e-09	3.300371293850081975e-09
-1.582257436229803293e-08	3.995269164114528694e-09	3.298937398255229364e-09
-1.580890591790570502e-08	3.992752385197922468e-09	3.297501830154243460e-09
-1.579522416310927214e-08	3.990234953566101464e-09	3.296064592558196112e-09
-1.578152899241733199e-08	3.987716921949551678e-09	3.294625737735870047e-09
-1.576782041300681126e-08	3.985198175626929790e-09	3.293185156748037263e-09
-1.575409842395252168e-08	3.982678811742750453e-09	3.291742954371995876e-09
-1.574036299194777780e-08	3.980158743329542800e-09	3.290299107478098849e-09
-1.572661409756367537e-08	3.977637994904733391e-09	3.288853548759076224e-09
-1.571285160178433991e-08	3.975116587283308218e-09	3.287406333262083849e-09
-1.569907566561220584e-08	3.972594512143678944e-09	3.285957423983892680e-09
-1.568528616875301718e-08	3.970071691765149663e-09	3.284506852839210281e-09
-1.567148303396045288e-08	3.967548242260240037e-09	3.283054602944795622e-09
-1.565766631975251864e-08	3.965023990619194954e-09	3.281600594965962535e-09
-1.564383597177454443e-08	3.962499097824352488e-09	3.280144938768530614e-09
-1.562999200598599087e-08	3.959973481071579932e-09	3.278687557793370672e-09
-1.561613428661582773e-08	3.957447096877141439e-09	3.277228474244943120e-09
-1.560226292329192947e-08	3.954920023880149068e-09	3.275767725129285692e-09
-1.558837776199080768e-08	3.952392236643049495e-09	3.274305147386581318e-09
-1.557447893406889581e-08	3.949863654207022575e-09	3.272840963288541495e-09
-1.556056625912160621e-08	3.947334348738250537e-09	3.271374939921024237e-09
-1.554663977207470463e-08	3.944804278140777472e-09	3.269907306961417928e-09
-1.553269948796246342e-08	3.942273456292391187e-09	3.268437831725480133e-09
-1.551874528119089695e-08	3.939741869777896361e-09	3.266966655304053011e-09
-1.550477727919775327e-08	3.937209504717826836e-09	3.265493743001276140e-09
-1.549079532240829845e-08	3.934676336599794408e-09	3.264019047405549841e-09
-1.547679942653086106e-08	3.932142438971036268e-09	3.262542595574384566e-09
-1.546278959527279845e-08	3.929607735505400303e-09	3.261064436544022274e-09
-1.544876576826573165e-08	3.927072185032114749e-09	3.259584432461771098e-09
-1.543472790433888973e-08	3.924535888396438281e-09	3.258102714472725243e-09
-1.542067605669045819e-08	3.921998720235687318e-09	3.256619179187366534e-09
-1.540661008261052282e-08	3.919460811926253546e-09	3.255133859218495409e-09
-1.539253009427130279e-08	3.916922012661172601e-09	3.253646753176946402e-09
-1.537843599848001309e-08	3.914382436243313746e-09	3.252157910101730872e-09
-1.536432771727005355e-08	3.911841970720179315e-09	3.250667209251933924e-09
-1.535020527932875259e-08	3.909300711850175755e-09	3.249174697350827642e-09
-1.533606866222035479e-08	3.906758584693248408e-09	3.247680416263072520e-09
-1.532191791590488832e-08	3.904215573521237869e-09	3.246184273470083311e-09
-1.530775281232404924e-08	3.901671767151984949e-09	3.244686371898785705e-09
-1.529357350875290681e-08	3.899127060112641827e-09	3.243186590348450406e-09
-1.527937993374041697e-08	3.896581487102664267e-09	3.241684956810097171e-09
-1.526517202181011895e-08	3.894035003708143551e-09	3.240181599649115739e-09
-1.525094975168926005e-08	3.891487687183761880e-09	3.238676288495611215e-09
-1.523671319253547975e-08	3.888939400139419461e-09	3.237169135759664345e-09
-1.522246218290384501e-08	3.886390330850437498e-09	3.235660221238555439e-09
-1.520819680860535128e-08	3.883840232754786159e-09	3.234149377936237490e-09
-1.519391700279531488e-08	3.881289334373370960e-09	3.232636647023481435e-09
-1.517962266323422864e-08	3.878737427075128765e-09	3.231122149929552923e-09
-1.516531391206604020e-08	3.876184644091782633e-09	3.229605669008611961e-09
-1.515099061049345588e-08	3.873630948410939189e-09	3.228087386980732780e-09
-1.513665276083591330e-08	3.871076265094195651e-09	3.226567141708471693e-09
-1.512230041837326743e-08	3.868520675557908926e-09	3.225045083303233432e-09
-1.510793342212317772e-08	3.865964122903147841e-09	3.223521130811256061e-09
-1.509355180354196299e-08	3.863406659865507061e-09	3.221995217619157523e-09
-1.507915561188934375e-08	3.860848179584373712e-09	3.220467410570243411e-09
-1.506474471881506932e-08	3.858288720459898779e-09	3.218937742744026837e-09
-1.505031912106169914e-08	3.855728363440906756e-09	3.217406123699471034e-09
-1.503587883505771515e-08	3.853166973914502163e-09	3.215872582581304262e-09
-1.502142379048899004e-08	3.850604587500339490e-09	3.214337104817848743e-09
-1.500695403292092666e-08	3.848041264335500616e-09	3.212799705674671399e-09
-1.499246939026895488e-08	3.845476913751770652e-09	3.211260380757139063e-09
-1.497797004132524581e-08	3.842911511231724690e-09	3.209719111330238693e-09
-1.496345578138604675e-08	3.840345198789753699e-09	3.208175851827198443e-09
-1.494892666112442218e-08	3.837777796944715431e-09	3.206630694770707616e-09
-1.493438265461603208e-08	3.835209370454705650e-09	3.205083534916771971e-09
-1.491982372671018705e-08	3.832639971594364350e-09	3.203534477506650264e-09
-1.490524985080779930e-08	3.830069475463600434e-09	3.201983336115392474e-09
-1.489066104101795289e-08	3.827497979206927729e-09	3.200430336719643791e-09
-1.487605717776037278e-08	3.824925427775789145e-09	3.198875278322777659e-09
-1.486143831815895267e-08	3.822351771208518697e-09	3.197318278190737281e-09
-1.484680447125326126e-08	3.819777168641971498e-09	3.195759268557748553e-09
-1.483215548020528836e-08	3.817201396176282390e-09	3.194198282957709372e-09
-1.481749137948454346e-08	3.814624622196907035e-09	3.192635239281738128e-09
-1.480281218435659348e-08	3.812046716252639545e-09	3.191070275845120411e-09
-1.478811786405900669e-08	3.809467768086507357e-09	3.189503242536451076e-09
-1.477340831335189495e-08	3.806887691656226229e-09	3.187934190472248603e-09
-1.475868358312047804e-08	3.804306582255939217e-09	3.186363126591406897e-09
-1.474394365508605130e-08	3.801724307582449214e-09	3.184790042565895538e-09
-1.472918838678884986e-08	3.799140973111804405e-09	3.183214914113659313e-09
-1.471441793664809424e-08	3.796556458564982172e-09	3.181637778238058789e-09
-1.469963211454437573e-08	3.793970899483331985e-09	3.180058601171168060e-09
-1.468483096280494979e-08	3.791384180681213220e-09	3.178477315837013413e-09
-1.467001444557886238e-08	3.788796353506441427e-09	3.176894024237333910e-09
-1.465518257489352970e-08	3.786207338855626267e-09	3.175308704861559939e-09
-1.464033525151652736e-08	3.783617236647226789e-09	3.173721239978437282e-09
-1.462547254369903889e-08	3.781025915047098653e-09	3.172131750560076160e-09
-1.461059426661646351e-08	3.778433503113827975e-09	3.170540215554439229e-09
-1.459570055627736296e-08	3.775839914344151855e-09	3.168946587084511572e-09
-1.458079132756463882e-08	3.773245138098431542e-09	3.167350828836748315e-09
-1.456586653745715019e-08	3.770649229887819921e-09	3.165753035411402959e-09
-1.455092616860766066e-08	3.768052095805951391e-09	3.164153177433824535e-09
-1.453597019117892678e-08	3.765453770547295472e-09	3.162551133935963036e-09
-1.452099861418532133e-08	3.762854292968055116e-09	3.160947023340259838e-09
-1.450601134952146325e-08	3.760253609412262397e-09	3.159340821595925778e-09
-1.449100837288265036e-08	3.757651724501034601e-09	3.157732520372245410e-09
-1.447598970370397755e-08	3.755048583650010198e-09	3.156122041723657913e-09
-1.446095530497801121e-08	3.752444264112207929e-09	3.154509520496001514e-09
-1.444590515588806796e-08	3.749838750622060876e-09	3.152894798482495122e-09
-1.443083919583447594e-08	3.747231940021347104e-09	3.151278002202304774e-09
-1.441575737670142434e-08	3.744623953970409718e-09	3.149658994032691093e-09
-1.440065973667126584e-08	3.742014725860655622e-09	3.148037951844663623e-09
-1.438554616609104089e-08	3.739404230244685563e-09	3.146414650120141706e-09
-1.437041678269679555e-08	3.736792432429626479e-09	3.144789246604656047e-09
-1.435527137253930003e-08	3.734179458703347754e-09	3.143161735747091854e-09
-1.434011002559287884e-08	3.731565195730580359e-09	3.141531981313832202e-09
-1.432493269374786878e-08	3.728949667103565884e-09	3.139900086231803195e-09
-1.430973930877181037e-08	3.726332846454506170e-09	3.138266008636344753e-09
-1.429452990835993460e-08	3.723714703250680847e-09	3.136629807506718334e-09
-1.427930443678807798e-08	3.721095348056561969e-09	3.134991341756092364e-09
-1.426406281539715783e-08	3.718474655042110976e-09	3.133350765886493326e-09
-1.424880507680607051e-08	3.715852668155243561e-09	3.131707980441778379e-09
-1.423353113959846076e-08	3.713229372130392804e-09	3.130062952809146672e-09
-1.421824102852304973e-08	3.710604737824204392e-09	3.128415759779024459e-09
-1.420293475121262336e-08	3.707978827686723459e-09	3.126766366656941395e-09
-1.418761208769819291e-08	3.705351542258890940e-09	3.125114747073768802e-09
-1.417227329126753257e-08	3.702722977764775021e-09	3.123460915142587666e-09
-1.415691805612857305e-08	3.700093047694759230e-09	3.121804878492184510e-09
-1.414154653956895838e-08	3.697461754363387563e-09	3.120146586007373442e-09
-1.412615863449842391e-08	3.694829101933996943e-09	3.118486089729858328e-09
-1.411075430182786817e-08	3.692195131114764167e-09	3.116823328134780245e-09
-1.409533359012955016e-08	3.689559771591564811e-09	3.115158324120488331e-09
-1.407989634975465515e-08	3.686923042330708989e-09	3.113491096190700628e-09
-1.406444267044021599e-08	3.684284923439129972e-09	3.111821648970019333e-09
-1.404897240324929952e-08	3.681645465806762032e-09	3.110149883698834414e-09
-1.403348564692750788e-08	3.679004517235819735e-09	3.108475876932295494e-09
-1.401798228328834055e-08	3.676362274329867703e-09	3.106799586575773045e-09
-1.400246228272585529e-08	3.673718546500620235e-09	3.105121048248921974e-09
-1.398692566027431781e-08	3.671073451246680798e-09	3.103440239747281869e-09
-1.397137233659904401e-08	3.668426921029482363e-09	3.101757121056564663e-09
-1.395580231354445474e-08	3.665779000256382380e-09	3.100071743291967415e-09
-1.394021555250188996e-08	3.663129550154192056e-09	3.098384074538542677e-09
-1.392461203865052633e-08	3.660478789062083422e-09	3.096694079172670456e-09
-1.390899164570844520e-08	3.657826476895891022e-09	3.095001787495508941e-09
-1.389335452771908991e-08	3.655172774175360444e-09	3.093307203901690883e-09
-1.387770043511357948e-08	3.652517571728560824e-09	3.091610297628786613e-09
-1.386202955107871033e-08	3.649860888059208962e-09	3.089911078622544088e-09
-1.384634164293024042e-08	3.647202783304385497e-09	3.088209504324414500e-09
-1.383063680688160331e-08	3.644543159392836531e-09	3.086505633482383330e-09
-1.381491498836452115e-08	3.641882059812958247e-09	3.084799413133507808e-09
-1.379917612676163199e-08	3.639219432749681032e-09	3.083090872185898283e-09
-1.378342025052829961e-08	3.636555330940152994e-09	3.081379948884715221e-09
-1.376764718526698649e-08	3.633889694247293494e-09	3.079666646005516432e-09
-1.375185708455854679e-08	3.631222577719660865e-09	3.077951062774483997e-09
-1.373604981795177545e-08	3.628553893464598852e-09	3.076233091870059062e-09
-1.372022531697706858e-08	3.625883675249845176e-09	3.074512742080196875e-09
-1.370438362120366957e-08	3.623211921692258726e-09	3.072789965299165423e-09
-1.368852466885787587e-08	3.620538642039060316e-09	3.071064890586458242e-09
-1.367264843658459360e-08	3.617863726194679695e-09	3.069337400444783359e-09
-1.365675481845004094e-08	3.615187346706277835e-09	3.067607451852997825e-09
-1.364084394976265069e-08	3.612509357394490683e-09	3.065875190296578207e-09
-1.362491562304949445e-08	3.609829736980043213e-09	3.064140523256938430e-09
-1.360896983090908583e-08	3.607148530797042044e-09	3.062403356365121649e-09
-1.359300669522886707e-08	3.604465804994739017e-09	3.060663837649559052e-09
-1.357702598218549564e-08	3.601781401370963746e-09	3.058921880377992299e-09
-1.356102778173591368e-08	3.599095396248938883e-09	3.057177490560214449e-09
-1.354501200969400129e-08	3.596407785929457307e-09	3.055430710524782947e-09
-1.352897861239898214e-08	3.593718516289146898e-09	3.053681360785642502e-09
-1.351292764443681754e-08	3.591027585477635645e-09	3.051929688367415846e-09
-1.349685901421411092e-08	3.588335071673128917e-09	3.050175527430538840e-09
-1.348077263105690014e-08	3.585640869402909999e-09	3.048418827551082646e-09
-1.346466853846616199e-08	3.582945000413432705e-09	3.046659761973997533e-09
-1.344854668045091099e-08	3.580247428155270028e-09	3.044898137794133976e-09
-1.343240703851317675e-08	3.577548179460339588e-09	3.043134088933443903e-09
-1.341624955899218131e-08	3.574847266818651736e-09	3.041367520097784669e-09
-1.340007420626826686e-08	3.572144594473469274e-09	3.039598429899376750e-09
-1.338388089429915164e-08	3.569440278535617798e-09	3.037826896516425514e-09
-1.336766967304487044e-08	3.566734208445386918e-09	3.036052773075676523e-09
-1.335144052122045474e-08	3.564026398079046152e-09	3.034276213619280651e-09
-1.333519326999656640e-08	3.561316890462294973e-09	3.032497040515434510e-09
-1.331892805905918884e-08	3.558605570867529544e-09	3.030715389068688921e-09
-1.330264466498163399e-08	3.555892523950775356e-09	3.028931201918814768e-09
-1.328634319739842354e-08	3.553177711316818452e-09	3.027144415921876532e-09
-1.327002358923358419e-08	3.550461100121562152e-09	3.025355121052199547e-09
-1.325368577248595602e-08	3.547742705167979648e-09	3.023563210219520789e-09
-1.323732971338060980e-08	3.545022571326073401e-09	3.021768775941137172e-09
-1.322095537261407857e-08	3.542300519576914384e-09	3.019971732641222353e-09
-1.320456277468685651e-08	3.539576733102768544e-09	3.018172122874460554e-09
-1.318815182199747951e-08	3.536851073589861549e-09	3.016369899457661478e-09
-1.317172244053108035e-08	3.534123614590468532e-09	3.014565080431949855e-09
-1.315527470291474713e-08	3.531394314008633583e-09	3.012757642205085750e-09
-1.313880847268356752e-08	3.528663075162434947e-09	3.010947592409852623e-09
-1.312232378684497511e-08	3.525930031278635083e-09	3.009134870909169835e-09
-1.310582055287479664e-08	3.523195099089005811e-09	3.007319581553867986e-09
-1.308929879299425657e-08	3.520458281836203079e-09	3.005501603611038875e-09
-1.307275834666684485e-08	3.517719529555685210e-09	3.003680946559991171e-09
-1.305619935730195780e-08	3.514978888970839679e-09	3.001857695519105860e-09
-1.303962164310057482e-08	3.512236342040542171e-09	3.000031701533460666e-09
-1.302302519018490809e-08	3.509491831403269858e-09	2.998203063597941013e-09
-1.300641005267832974e-08	3.506745366310881139e-09	2.996371738228812707e-09
-1.298977608994705129e-08	3.503996982844130758e-09	2.994537685641807170e-09
-1.297312328350396985e-08	3.501246617169676133e-09	2.992700940303927110e-09
-1.295645162500580098e-08	3.498494226261893478e-09	2.990861463122240412e-09
-1.293976109086584188e-08	3.495739943811632865e-09	2.989019293418422755e-09
-1.292305155479622153e-08	3.492983554250589962e-09	2.987174405287269707e-09
-1.290632306074327238e-08	3.490225206996280358e-09	2.985326686318700521e-09
-1.288957555689658144e-08	3.487464817394198095e-09	2.983476255630393606e-09
-1.287280898913277990e-08	3.484702452520318128e-09	2.981623067888242343e-09
-1.285602332043895325e-08	3.481937932424507067e-09	2.979767144138954137e-09
-1.283921852446374438e-08	3.479171428733194453e-09	2.977908345377166315e-09
-1.282239457297254250e-08	3.476402806827384759e-09	2.976046851779011661e-09
-1.280555132858073284e-08	3.473632152288254121e-09	2.974182435056152279e-09
-1.278868889305875491e-08	3.470859352243128477e-09	2.972315352872847583e-09
-1.277180716232320182e-08	3.468084454339079356e-09	2.970445289972018261e-09
-1.275490607854995824e-08	3.465307470603522555e-09	2.968572544032213036e-09
-1.273798561906653961e-08	3.462528304815653528e-09	2.966696839578078835e-09
-1.272104578620220214e-08	3.459747051348857432e-09	2.964818302901278902e-09
-1.270408644810167118e-08	3.456963595013066983e-09	2.962936943249877776e-09
-1.268710764409077403e-08	3.454177968653856210e-09	2.961052716447515224e-09
-1.267010929414093619e-08	3.451390175046783334e-09	2.959165541540429724e-09
-1.265309140149030672e-08	3.448600175334041501e-09	2.957275487223670345e-09
-1.263605385696695642e-08	3.445807970903409823e-09	2.955382583334481371e-09
-1.261899669480276066e-08	3.443013578408234332e-09	2.953486671897377538e-09
-1.260191980767078681e-08	3.440216875259921834e-09	2.951587886831753548e-09
-1.258482322102976650e-08	3.437418016894095800e-09	2.949686209637667023e-09
-1.256770684234499480e-08	3.434616829834009271e-09	2.947781489737345494e-09
-1.255057063785256052e-08	3.431813396422669888e-09	2.945873836535274209e-09
-1.253341462004247236e-08	3.429007658373368195e-09	2.943963221350691754e-09
-1.251623863255832290e-08	3.426199616611290405e-09	2.942049659449164636e-09
-1.249904277393240425e-08	3.423389311844614142e-09	2.940133059468590061e-09
-1.248182689196632257e-08	3.420576655716631934e-09	2.938213450782366235e-09
-1.246459098390048259e-08	3.417761649156904952e-09	2.936290828537025390e-09
-1.244733508580117000e-08	3.414944261629924397e-09	2.934365217014937480e-09
-1.243005902003802359e-08	3.412124569464981947e-09	2.932436511208761741e-09
-1.241276279216215652e-08	3.409302457013845731e-09	2.930504831855251934e-09
-1.239544642900395942e-08	3.406477963134322190e-09	2.928569991604272241e-09
-1.237810982555483545e-08	3.403651078111958784e-09	2.926632143111488548e-09
-1.236075295914773627e-08	3.400821703414462987e-09	2.924691201259802410e-09
-1.234337574651066754e-08	3.397989981981600164e-09	2.922747150782401588e-09
-1.232597819182275583e-08	3.395155731093509911e-09	2.920800021288971324e-09
-1.230856026037374239e-08	3.392319096000026130e-09	2.918849727196081831e-09
-1.229112184577251876e-08	3.389479943938426415e-09	2.916896336506139184e-09
-1.227366300861875681e-08	3.386638272595747096e-09	2.914939788156877361e-09
-1.225618362031162309e-08	3.383794161075378098e-09	2.912980111754243986e-09
-1.223868363690479008e-08	3.380947453483503240e-09	2.911017229120034108e-09
-1.222116308799899377e-08	3.378098287671374266e-09	2.909051177723034283e-09
-1.220362185518607736e-08	3.375246523015062279e-09	2.907081991336248891e-09
-1.218605993151151323e-08	3.372392226123628144e-09	2.905109508048433401e-09
-1.216847727257159428e-08	3.369535299391404842e-09	2.903133868951670744e-09
-1.215087381545367959e-08	3.366675858466623001e-09	2.901155040739269273e-09
-1.213324958004926754e-08	3.363813759945476377e-09	2.899172896660767947e-09
-1.211560438455933422e-08	3.360949065352823894e-09	2.897187563004035320e-09
-1.209793838765325775e-08	3.358081704374540299e-09	2.895198931059733426e-09
-1.208025131269531527e-08	3.355211710315886219e-09	2.893207027194426272e-09
-1.206254333733664013e-08	3.352339096133755075e-09	2.891211906922965066e-09
-1.204481425293237430e-08	3.349463723971163177e-09	2.889213407871532230e-09
-1.202706411499881905e-08	3.346585713178515782e-09	2.887211608682158530e-09
-1.200929279632291837e-08	3.343704975863157465e-09	2.885206550063021592e-09
-1.199150030106800793e-08	3.340821534229548221e-09	2.883198068718818429e-09
-1.197368664542484129e-08	3.337935322589492621e-09	2.881186344598197646e-09
-1.195585167673265546e-08	3.335046363146028736e-09	2.879171197288689789e-09
-1.193799536170004966e-08	3.332154684584184579e-09	2.877152711911076740e-09
-1.192011770956359390e-08	3.329260147196630088e-09	2.875130828324594424e-09
-1.190221866620500986e-08	3.326362884211550060e-09	2.873105551156400611e-09
-1.188429812152718334e-08	3.323462748524393815e-09	2.871076864678335070e-09
-1.186635614445645926e-08	3.320559841905605413e-09	2.869044823476363646e-09
-1.184839256614641817e-08	3.317654039455094172e-09	2.867009255928509926e-09
-1.183040739631151385e-08	3.314745405010684338e-09	2.864970351235281739e-09
-1.181240063124596560e-08	3.311833862705723871e-09	2.862927905391977144e-09
-1.179437214005108347e-08	3.308919490260060402e-09	2.860882074296074250e-09
-1.177632194815436973e-08	3.306002162769368084e-09	2.858832702512688676e-09
-1.175824997969562144e-08	3.303081948698811327e-09	2.856779904766085755e-09
-1.174015612920365094e-08	3.300158761080920503e-09	2.854723562632476636e-09
-1.172204046467961815e-08	3.297232674855749443e-09	2.852663698778915454e-09
-1.170390285150898068e-08	3.294303560497278883e-09	2.850600341886162384e-09
-1.168574323741375671e-08	3.291371500345646147e-09	2.848533488714853655e-09
-1.166756167745745051e-08	3.288436454622069756e-09	2.846463044899674500e-09
-1.164935799954054808e-08	3.285498328953382518e-09	2.844388999797345330e-09
-1.163113222309693164e-08	3.282557251016635824e-09	2.842311491261771897e-09
-1.161288428336359364e-08	3.279613116265827802e-09	2.840230343970235421e-09
-1.159461412344160539e-08	3.276665859937948820e-09	2.838145562086071995e-09
-1.157632167532980364e-08	3.273715597681230749e-09	2.836057277448265795e-09
-1.155800698575007414e-08	3.270762220323742722e-09	2.833965281889999702e-09
-1.153966987151070039e-08	3.267805702884073549e-09	2.831869722977210440e-09
-1.152131036824609543e-08	3.264846070346420779e-09	2.829770514671235162e-09
-1.150292838342291589e-08	3.261883281998427457e-09	2.827667649566965255e-09
-1.148452391242015036e-08	3.258917414631912398e-09	2.825561113325227282e-09
-1.146609689093738375e-08	3.255948255454129490e-09	2.823450947116791353e-09
-1.144764718991118847e-08	3.252976004305222836e-09	2.821337025116382226e-09
-1.142917490324792845e-08	3.250000509454712348e-09	2.819219462047044732e-09
-1.141067983341555986e-08	3.247021762574541552e-09	2.817098172327887287e-09
-1.139216201697351693e-08	3.244039810853341522e-09	2.814973190194389298e-09
-1.137362140117161355e-08	3.241054611728410177e-09	2.812844447641786811e-09
-1.135505785833906668e-08	3.238066105064051579e-09	2.810711996944282241e-09
-1.133647147498075057e-08	3.235074306588424719e-09	2.808575787679246663e-09
-1.131786200638501196e-08	3.232079219077087406e-09	2.806435816145936056e-09
-1.129922959826861787e-08	3.229080788869260008e-09	2.804292054588775218e-09
-1.128057403968919625e-08	3.226079029842730746e-09	2.802144517348144856e-09
-1.126189534359454735e-08	3.223073936445009639e-09	2.799993195633585846e-09
-1.124319350491055172e-08	3.220065396732731508e-09	2.797838030699377114e-09
-1.122446834552453072e-08	3.217053516172960942e-09	2.795679098407177424e-09
-1.120571994454467483e-08	3.214038236480363260e-09	2.793516332607392896e-09
-1.118694813821308857e-08	3.211019494742300427e-09	2.791349705544446672e-09
-1.116815292005347053e-08	3.207997285407657239e-09	2.789179244048729811e-09
-1.114933426092246598e-08	3.204971668613514332e-09	2.787004869016850733e-09
-1.113049206228303645e-08	3.201942493553212571e-09	2.784826703959934006e-09
-1.111162625476047867e-08	3.198909876804264582e-09	2.782644623981451612e-09
-1.109273684435426580e-08	3.195873744347706961e-09	2.780458638329699700e-09
-1.107382367980125412e-08	3.192834055476726930e-09	2.778268774761441302e-09
-1.105488681198666669e-08	3.189790817592811708e-09	2.776074963887737380e-09
-1.103592608362890946e-08	3.186743957606278646e-09	2.773877205708587933e-09
-1.101694150768058196e-08	3.183693578212757191e-09	2.771675575626640520e-09
-1.099793305546092525e-08	3.180639559138086894e-09	2.769469979272937467e-09
-1.097890047809026193e-08	3.177581868924594023e-09	2.767260401843325197e-09
-1.095984399808983328e-08	3.174520583441582145e-09	2.765046868321361433e-09
-1.094076329348091927e-08	3.171455591662685274e-09	2.762829314403090351e-09
-1.092165848963088450e-08	3.168386917644089925e-09	2.760607841397542260e-09
-1.090252942000627364e-08	3.165314587291000117e-09	2.758382286934599559e-09
-1.088337604158594578e-08	3.162238435920334166e-09	2.756152806445486359e-09
-1.086419837796214088e-08	3.159158573629207909e-09	2.753919207954137432e-09
-1.084499623345342657e-08	3.156075011518506762e-09	2.751681678346922344e-09
-1.082576961963849674e-08	3.152987531248405636e-09	2.749439998358313218e-09
-1.080651851244864880e-08	3.149896324328339803e-09	2.747194314164155697e-09
-1.078724275877024667e-08	3.146801313044043032e-09	2.744944543886674159e-09
-1.076794234703846662e-08	3.143702352141335826e-09	2.742690740724056166e-09
-1.074861721295289357e-08	3.140599609078858092e-09	2.740432781163989319e-09
-1.072926728943755258e-08	3.137492956180962162e-09	2.738170771140254602e-09
-1.070989246269458295e-08	3.134382317582407579e-09	2.735904606106850142e-09
-1.069049281459837630e-08	3.131267833910109364e-09	2.733634328158566766e-09
-1.067106804956572298e-08	3.128149375642053461e-09	2.731359935448529367e-09
-1.065161832949047688e-08	3.125026885412711005e-09	2.729081360434674425e-09
-1.063214344343482042e-08	3.121900404856780903e-09	2.726798654928574648e-09
-1.061264337289503597e-08	3.118769925647590553e-09	2.724511787011318325e-09
-1.059311806467293804e-08	3.115635411702891737e-09	2.722220709035834342e-09
-1.057356737120138139e-08	3.112496768653726784e-09	2.719925441356210683e-09
-1.055399139517149561e-08	3.109354069588453197e-09	2.717625959916457702e-09
-1.053438985025176029e-08	3.106207269176940616e-09	2.715322287387103281e-09
-1.051476286549210178e-08	3.103056293400343922e-09	2.713014374267229720e-09
-1.049511025077132632e-08	3.099901136708873469e-09	2.710702221020587559e-09
-1.047543193947605309e-08	3.096741858314424508e-09	2.708385804517531003e-09
-1.045572791680330932e-08	3.093578289833170921e-09	2.706065153901414366e-09
-1.043599811151378271e-08	3.090410532110371385e-09	2.703740184517731689e-09
-1.041624237002662241e-08	3.087238460245935217e-09	2.701410899604633680e-09
-1.039646072749445673e-08	3.084062156580088660e-09	2.699077381965103680e-09
-1.037665303543825654e-08	3.080881454583322431e-09	2.696739536771043769e-09
-1.035681927811656136e-08	3.077696502281428600e-09	2.694397326548974793e-09
-1.033695929362628266e-08	3.074507159047472707e-09	2.692050804035640781e-09
-1.031707315551969350e-08	3.071313400826622332e-09	2.689699921583970618e-09
-1.029716060474475703e-08	3.068115203564044639e-09	2.687344643111715674e-09
-1.027722173705820546e-08	3.064912566334554659e-09	2.684985002850752982e-09
-1.025725637435739221e-08	3.061705475259058877e-09	2.682621000799938551e-09
-1.023726450370283354e-08	3.058493875755507736e-09	2.680252532416701655e-09
-1.021724598769131138e-08	3.055277715084391939e-09	2.677879692066569235e-09
-1.019720078284346155e-08	3.052057023778149791e-09	2.675502410361745001e-09
-1.017712883179776286e-08	3.048831761128604079e-09	2.673120627627741628e-09
-1.015703002214413540e-08	3.045601798534920512e-09	2.670734463213535008e-09
-1.013690430854846923e-08	3.042367284952021780e-09	2.668343758912342807e-09
-1.011675153372917198e-08	3.039128011287904968e-09	2.665948580412361699e-09
-1.009657175365568103e-08	3.035884070985046998e-09	2.663548878677605736e-09
-1.007636481476005949e-08	3.032635400209506822e-09	2.661144686092986271e-09
-1.005613059120411651e-08	3.029381899962515403e-09	2.658735949456909827e-09
-1.003586909548216875e-08	3.026123687743969918e-09	2.656322672933848630e-09
-1.001558018881633482e-08	3.022860572965585079e-09	2.653904825067483456e-09
-9.995263801355083193e-09	3.019592595410352713e-09	2.651482358673335676e-09
-9.974919841042421520e-09	3.016319779133104414e-09	2.649055351004424446e-09
-9.954548275030010100e-09	3.013041965925774891e-09	2.646623692425097726e-09
-9.934149010811994406e-09	3.009759218704856013e-09	2.644187424109510449e-09
-9.913721885542930322e-09	3.006471477329413309e-09	2.641746502570543187e-09
-9.893266878410381227e-09	3.003178668711048741e-09	2.639300881550031382e-09
-9.872783932052825947e-09	2.999880844660170760e-09	2.636850682709914181e-09
-9.852272958115013675e-09	2.996577876575945486e-09	2.634395697420782397e-09
-9.831733776648295393e-09	2.993269826445824743e-09	2.631936036704938490e-09
-9.811166445939382212e-09	2.989956540688957259e-09	2.629471666793097914e-09
-9.790570715258729702e-09	2.986638107196725430e-09	2.627002523383724760e-09
-9.769946683613750938e-09	2.983314359439495896e-09	2.624528614344258325e-09
-9.749294116919899618e-09	2.979985389932033571e-09	2.622049953549126409e-09
-9.728613015643943833e-09	2.976651047870318438e-09	2.619566494740156184e-09
-9.707903236382075686e-09	2.973311411895147109e-09	2.617078225427338954e-09
-9.687164719459809918e-09	2.969966346004199730e-09	2.614585083623222483e-09
-9.666397396413389154e-09	2.966615841870803285e-09	2.612087095695603689e-09
-9.645601166393447765e-09	2.963259901344066267e-09	2.609584278759308116e-09
-9.624775874443687390e-09	2.959898395826944938e-09	2.607076549088353693e-09
-9.603921552008093577e-09	2.956531357697154180e-09	2.604563927958676944e-09
-9.583037975195800892e-09	2.953158718492204272e-09	2.602046347370230912e-09
-9.562125178701278852e-09	2.949780520770644434e-09	2.599523878099733334e-09
-9.541182975174392054e-09	2.946396527684896135e-09	2.596996374430411815e-09
-9.520211349812166064e-09	2.943006891890624848e-09	2.594463932119002311e-09
-9.499210135618554701e-09	2.939611482011440125e-09	2.591926523872522521e-09
-9.478179321949882572e-09	2.936210261963840984e-09	2.589384033116450488e-09
-9.457118775128912101e-09	2.932803222499724837e-09	2.586836498711903859e-09
-9.436028361916758497e-09	2.929390237790060215e-09	2.584283974778943549e-09
-9.414908049010774611e-09	2.925971368898364667e-09	2.581726260090750216e-09
-9.393757705959753726e-09	2.922546489999362949e-09	2.579163542460052167e-09
-9.372577260136604439e-09	2.919115626073072455e-09	2.576595651190059612e-09
-9.351366635213497117e-09	2.915678645743101910e-09	2.574022612185976157e-09
-9.330125643836315961e-09	2.912235561035626339e-09	2.571444425909298273e-09
-9.308854339215181027e-09	2.908786354375838708e-09	2.568861064607739628e-09
-9.287552501143927733e-09	2.905330888832508567e-09	2.566272455188328291e-09
-9.266220048210176260e-09	2.901869188461709110e-09	2.563678703123348774e-09
-9.244856945256866257e-09	2.898401154268554083e-09	2.561079605334505438e-09
-9.223463032226843795e-09	2.894926767749326272e-09	2.558475280708180863e-09
-9.202038212438188358e-09	2.891445999298078877e-09	2.555865666794329913e-09
-9.180582480339783501e-09	2.887958790628102858e-09	2.553250753878500875e-09
-9.159095619896827283e-09	2.884465018688449937e-09	2.550630495700313588e-09
-9.137577589487670812e-09	2.880964752871747966e-09	2.548004849704481233e-09
-9.116028253098281358e-09	2.877457784082305216e-09	2.545373880188158553e-09
-9.094447531166577905e-09	2.873944237221441563e-09	2.542737464102714205e-09
-9.072835365405852654e-09	2.870423993865367739e-09	2.540095651870777529e-09
-9.051191558288925586e-09	2.866896868051727038e-09	2.537448362075992859e-09
-9.029516081135034459e-09	2.863363042967318771e-09	2.534795644678396222e-09
-9.007808832169896680e-09	2.859822267885556922e-09	2.532137436301678041e-09
-8.986069670314189406e-09	2.856274571490861109e-09	2.529473726309438388e-09
-8.964298464180001629e-09	2.852719889016563082e-09	2.526804457336916850e-09
-8.942495212383392358e-09	2.849158202885351930e-09	2.524129629847784969e-09
-8.920659706294953642e-09	2.845589362291932536e-09	2.521449225800919257e-09
-8.898791882076861235e-09	2.842013355208889518e-09	2.518763252135213204e-09
-8.876891661088316457e-09	2.838430157581390041e-09	2.516071645012842977e-09
-8.854958910102557676e-09	2.834839715748654885e-09	2.513374369739339057e-09
-8.832993487099790780e-09	2.831241861325651902e-09	2.510671433715118288e-09
-8.810995322702372706e-09	2.827636681283472117e-09	2.507962841106727466e-09
-8.788964316516342113e-09	2.824024018336899254e-09	2.505248494303848337e-09
-8.766900346420930626e-09	2.820403820676732546e-09	2.502528418287569490e-09
-8.744803273638261820e-09	2.816776074425184186e-09	2.499802637575315420e-09
-8.722673034330511450e-09	2.813140622300659294e-09	2.497071052247014488e-09
-8.700509498971659424e-09	2.809497552195813297e-09	2.494333609567072446e-09
-8.678312560236447323e-09	2.805846621710757181e-09	2.491590452475642194e-09
-8.656082074732166357e-09	2.802187900238017882e-09	2.488841358468712206e-09
-8.633817935588752289e-09	2.798521286003563442e-09	2.486086440415769831e-09
-8.611520132170267172e-09	2.794846703143349507e-09	2.483325650208212738e-09
-8.589188385995768224e-09	2.791164027682472019e-09	2.480558934647855022e-09
-8.566822666996715747e-09	2.787473331785427826e-09	2.477786264591341955e-09
-8.544422871089701181e-09	2.783774384155752776e-09	2.475007680746851161e-09
-8.521988899279838274e-09	2.780067244005341708e-09	2.472223115575814786e-09
-8.499520526280748342e-09	2.776351801235894676e-09	2.469432536233082733e-09
-8.477017766906273317e-09	2.772627904120482267e-09	2.466635988055920211e-09
-8.454480401876498998e-09	2.768895663677856270e-09	2.463833366957760484e-09
-8.431908413153923294e-09	2.765154799577886414e-09	2.461024683116699926e-09
-8.409301549087992411e-09	2.761405361780609139e-09	2.458210004996492604e-09
-8.386659770820902806e-09	2.757647231862234351e-09	2.455389145247002700e-09
-8.363982976582208346e-09	2.753880433877595298e-09	2.452562196386815460e-09
-8.341271032216405554e-09	2.750104714324594890e-09	2.449729133434868765e-09
-8.318523718927709188e-09	2.746320128717901943e-09	2.446889898570179831e-09
-8.295741081576962751e-09	2.742526541051678602e-09	2.444044505667403520e-09
-8.272922830584550753e-09	2.738723948551539588e-09	2.441192957040548232e-09
-8.250068962249730000e-09	2.734912137499552990e-09	2.438335142592497715e-09
-8.227179260541604498e-09	2.731091167107613234e-09	2.435471132637376808e-09
-8.204253630628622021e-09	2.727260877318567218e-09	2.432600860099211382e-09
-8.181292026251490981e-09	2.723421164511600109e-09	2.429724374012851249e-09
-8.158294184191359700e-09	2.719572053665569594e-09	2.426841601287579788e-09
-8.135260084567163842e-09	2.715713324589721878e-09	2.423952509082402656e-09
-8.112189456751608751e-09	2.711845030941357062e-09	2.421057153830553303e-09
-8.089082379388968922e-09	2.707966937724428744e-09	2.418155412945940345e-09
-8.065938484717867446e-09	2.704079019958917879e-09	2.415247406240132572e-09
-8.042757833800572002e-09	2.700181297073728308e-09	2.412333007425260602e-09
-8.019540213844333998e-09	2.696273505390890854e-09	2.409412250733200642e-09
-7.996285418066709098e-09	2.692355624555169406e-09	2.406485122747732080e-09
-7.972993436763470782e-09	2.688427593507741079e-09	2.403551618383410961e-09
-7.949664090900929398e-09	2.684489320651762459e-09	2.400611684901565099e-09
-7.926297197295694861e-09	2.680540609848981178e-09	2.397665381052522963e-09
-7.902892635673606721e-09	2.676581499032016225e-09	2.394712596276574165e-09
-7.879450330632017006e-09	2.672611843871875143e-09	2.391753397187100761e-09
-7.855970000914428019e-09	2.668631429725439396e-09	2.388787757416305832e-09
-7.832451690004573127e-09	2.664640391669843868e-09	2.385815681127525887e-09
-7.808895079172596662e-09	2.660638375357772495e-09	2.382837150741212905e-09
-7.785300075447308682e-09	2.656625446480823315e-09	2.379852088082210919e-09
-7.761666672342420390e-09	2.652601496788848656e-09	2.376860574563827019e-09
-7.737994474806900325e-09	2.648566309789493275e-09	2.373862610649670294e-09
-7.714283528174856758e-09	2.644519877156084157e-09	2.370858127875987092e-09
-7.690533640470224464e-09	2.640462030504796011e-09	2.367847211359876269e-09
-7.666744598900258159e-09	2.636392694895574593e-09	2.364829702894556321e-09
-7.642916293364579606e-09	2.632311757454623770e-09	2.361805750046164976e-09
-7.619048606374363854e-09	2.628219096060777709e-09	2.358775283891376129e-09
-7.595141293208177048e-09	2.624114610790596493e-09	2.355738311366063236e-09
-7.571194248860681440e-09	2.619998112907289328e-09	2.352694842185684274e-09
-7.547207350282158359e-09	2.615869577430837583e-09	2.349644882363947763e-09
-7.523180441116200376e-09	2.611728860032247972e-09	2.346588424961959798e-09
-7.499113250283352755e-09	2.607575837661802237e-09	2.343525430659321040e-09
-7.475005709319859774e-09	2.603410327132701067e-09	2.340456004927219573e-09
-7.450857673430959702e-09	2.599232231299321798e-09	2.337380025640125768e-09
-7.426668890050443723e-09	2.595041468748633620e-09	2.334297585319614306e-09
-7.402439296256145924e-09	2.590837921053522827e-09	2.331208708942714388e-09
-7.378168617271042262e-09	2.586621345816404106e-09	2.328113309542951484e-09
-7.353856819788443986e-09	2.582391704179471427e-09	2.325011456509265460e-09
-7.329503569353662940e-09	2.578148812030739682e-09	2.321903199801691515e-09
-7.305108845612611554e-09	2.573892595355340838e-09	2.318788510739469062e-09
-7.280672334924180630e-09	2.569622784923095739e-09	2.315667343524910515e-09
-7.256194006303956245e-09	2.565339387213592193e-09	2.312539820748103369e-09
-7.231673602078366582e-09	2.561042171852265456e-09	2.309405907249023485e-09
-7.207110931199636622e-09	2.556731000987519264e-09	2.306265608117180408e-09
-7.182505823433568651e-09	2.552405731215546545e-09	2.303118963598158451e-09
-7.157858132600799027e-09	2.548066186751034376e-09	2.299966011161984943e-09
-7.133167621853747564e-09	2.543712242693892903e-09	2.296806701311216758e-09
-7.108434154264909436e-09	2.539343694578048201e-09	2.293641110836279738e-09
-7.083657545256685769e-09	2.534960461911250523e-09	2.290469322540331344e-09
-7.058837592222435177e-09	2.530562333754367075e-09	2.287291298493680808e-09
-7.033974017134748079e-09	2.526149093610666419e-09	2.284106992434106252e-09
-7.009066750145112161e-09	2.521720614730766570e-09	2.280916625019409977e-09
-6.984115579385967937e-09	2.517276755561232467e-09	2.277720067648758517e-09
-6.959120221287850319e-09	2.512817267227068956e-09	2.274517413765922919e-09
-6.934080587032918495e-09	2.508342064611178006e-09	2.271308743399480148e-09
-6.908996393048761786e-09	2.503850798917424932e-09	2.268093995023603065e-09
-6.883867492239665869e-09	2.499343501605330977e-09	2.264873294466469490e-09
-6.858693626932533729e-09	2.494819832203299933e-09	2.261646646351107494e-09
-6.833474629209079807e-09	2.490279580695210147e-09	2.258414118217051078e-09
-6.808210260371352319e-09	2.485722626806901171e-09	2.255175789167690996e-09
-6.782900349259968577e-09	2.481148769773041864e-09	2.251931648100797250e-09
-6.757544598890270653e-09	2.476557765344567303e-09	2.248681783834211064e-09
-6.732142932009238150e-09	2.471949366496854346e-09	2.245426194517561670e-09
-6.706695008145618554e-09	2.467323381715379317e-09	2.242165063336691743e-09
-6.681200645508969117e-09	2.462679703681739058e-09	2.238898339409246881e-09
-6.655659628985000952e-09	2.458017899405798436e-09	2.235626180939140754e-09
-6.630071687497118060e-09	2.453337918003386972e-09	2.232348514837646523e-09
-6.604436702158939101e-09	2.448639473592075910e-09	2.229065594605688336e-09
-6.578754284392403802e-09	2.443922246057559870e-09	2.225777354092477449e-09
-6.553024365271167265e-09	2.439186113275306392e-09	2.222483922824033540e-09
-6.527246571479955154e-09	2.434430744952927373e-09	2.219185386379102072e-09
-6.501420724928837131e-09	2.429655923674860802e-09	2.215881855320230665e-09
-6.475546581822993681e-09	2.424861379283724233e-09	2.212573357862749776e-09
-6.449623905780222220e-09	2.420046795366993180e-09	2.209260019370288457e-09
-6.423652418319579967e-09	2.415212018343815544e-09	2.205941971681830882e-09
-6.397631893233125489e-09	2.410356670738363533e-09	2.202619250879625682e-09
-6.371562067305483749e-09	2.405480443538561765e-09	2.199291979088205317e-09
-6.345442714791306629e-09	2.400583172061328145e-09	2.195960363086608620e-09
-6.319273472089859602e-09	2.395664476054255501e-09	2.192624333947553498e-09
-6.293054250391381756e-09	2.390724005800155119e-09	2.189284148875513089e-09
-6.266784571366706306e-09	2.385761554979517601e-09	2.185939912876276369e-09
-6.240464400324056207e-09	2.380776749818279091e-09	2.182591747612718440e-09
-6.214093209444902276e-09	2.375769256324346815e-09	2.179239743753052953e-09
-6.187670945993650677e-09	2.370738731253768359e-09	2.175884116865583827e-09
-6.161197200112969421e-09	2.365684847090751955e-09	2.172524918760718686e-09
-6.134671738653405972e-09	2.360607280019241938e-09	2.169162430231439606e-09
-6.108094232256643601e-09	2.355505688648677941e-09	2.165796676260538759e-09
-6.081464435277992465e-09	2.350379588178652865e-09	2.162427886291333921e-09
-6.054782021592052972e-09	2.345228741762595273e-09	2.159056251375628067e-09
-6.028046747412354341e-09	2.340052647949771244e-09	2.155681869120529580e-09
-6.001258211670827603e-09	2.334850983850318831e-09	2.152305069817388035e-09
-5.974416174744337657e-09	2.329623366437293795e-09	2.148925864105840120e-09
-5.947520332246737702e-09	2.324369239673998436e-09	2.145544579501678842e-09
-5.920570339081180413e-09	2.319088320452572499e-09	2.142161372822992974e-09
-5.893565851086100830e-09	2.313780133230453180e-09	2.138776487396402089e-09
-5.866506642971170478e-09	2.308444150648737925e-09	2.135390105480778835e-09
-5.839392245669685845e-09	2.303080038716322028e-09	2.132002524986882216e-09
-5.812222438524821116e-09	2.297687228443905784e-09	2.128613906434457408e-09
-5.784996875979660208e-09	2.292265276667464726e-09	2.125224550971500087e-09
-5.757715103767947831e-09	2.286813648629574942e-09	2.121834705622632985e-09
-5.730376875787804802e-09	2.281331831776301817e-09	2.118444697902745829e-09
-5.702981815495916705e-09	2.275819345939104336e-09	2.115054711001346120e-09
-5.675529570389145559e-09	2.270275608247976691e-09	2.111665145058607185e-09
-5.648019782885600082e-09	2.264700060816821938e-09	2.108276149955539968e-09
-5.620451964949743742e-09	2.259092140207455163e-09	2.104888266463276075e-09
-5.592825974102954440e-09	2.253451233946840809e-09	2.101501580624099747e-09
-5.565141177518108637e-09	2.247776798950882776e-09	2.098116626732842414e-09
-5.537397385532106015e-09	2.242068108948685650e-09	2.094733661991170592e-09
-5.509594038867748562e-09	2.236324589398881192e-09	2.091353096255525809e-09
-5.481730853500026282e-09	2.230545600075718210e-09	2.087975298215146703e-09
-5.453807392734169790e-09	2.224730383249122501e-09	2.084600670323203768e-09
-5.425823241626671503e-09	2.218878299616622434e-09	2.081229613186063950e-09
-5.397777903815321874e-09	2.212988617356207803e-09	2.077862588008875202e-09
-5.369671059185815526e-09	2.207060577815478171e-09	2.074500000485634658e-09
-5.341502251158932258e-09	2.201093376082740272e-09	2.071142397401181617e-09
-5.313270944974984990e-09	2.195086289586907173e-09	2.067790224231623265e-09
-5.284976770103833881e-09	2.189038469935358450e-09	2.064443929694743356e-09
-5.256619270884650066e-09	2.182949077056530555e-09	2.061104090178684317e-09
-5.228197971774170534e-09	2.176817249603329971e-09	2.057771313531433657e-09
-5.199712294068643863e-09	2.170642079968433572e-09	2.054446053094059626e-09
-5.171161937545259761e-09	2.164422675347492663e-09	2.051128987952979010e-09
-5.142546205539070441e-09	2.158158072622033714e-09	2.047820708376766538e-09
-5.113864732601663907e-09	2.151847206903138717e-09	2.044521834239944570e-09
-5.085116973333811933e-09	2.145489160405525484e-09	2.041233084411050695e-09
-5.056302342561964147e-09	2.139082827534843382e-09	2.037955107447980093e-09
-5.027420398965965627e-09	2.132627193359466259e-09	2.034688613890856951e-09
-4.998470450046372310e-09	2.126121069941672709e-09	2.031434498395272581e-09
-4.969452140531816810e-09	2.119563283220614274e-09	2.028193345678686508e-09
-4.940364645156517048e-09	2.112952673938415275e-09	2.024966103131413273e-09
-4.911207629928380666e-09	2.106287972740085437e-09	2.021753619148880748e-09
-4.881980329254030482e-09	2.099567889915648597e-09	2.018556694941177499e-09
-4.852682206069323713e-09	2.092791187569117489e-09	2.015376415753892387e-09
-4.823312594696793684e-09	2.085956317861874029e-09	2.012213625353942251e-09
-4.793870856760283248e-09	2.079061996636847278e-09	2.009069335895511114e-09
-4.764356392739359273e-09	2.072106672357361396e-09	2.005944650200137627e-09
-4.734768461097559840e-09	2.065088866576420711e-09	2.002840661837500798e-09
-4.705106423456644135e-09	2.058006923211347927e-09	1.999758498609156253e-09
-4.675369521164214204e-09	2.050859243540986509e-09	1.996699332725580855e-09
-4.645557119078199671e-09	2.043644095616548095e-09	1.993664431690544592e-09
-4.615668426170637956e-09	2.036359730839381138e-09	1.990655157380174427e-09
-4.585702585250892391e-09	2.029004257201802130e-09	1.987672749540964050e-09
-4.555659031957574602e-09	2.021575831734460636e-09	1.984718735655608875e-09
-4.525536741184756753e-09	2.014072421804036125e-09	1.981794574742199493e-09
-4.495335013029341175e-09	2.006491972572746827e-09	1.978901742472173766e-09
-4.465053010660722892e-09	1.998832337609411939e-09	1.976041983746051458e-09
-4.434689762169271936e-09	1.991091237255238682e-09	1.973216874154500410e-09
-4.404244457560445124e-09	1.983266512128991134e-09	1.970428246493221197e-09
-4.373716130009353754e-09	1.975355583735147547e-09	1.967678014044035969e-09
-4.343103819637564283e-09	1.967355981828327232e-09	1.964967926334234727e-09
-4.312406592007364594e-09	1.959265122364440125e-09	1.962300226939514170e-09
-4.281623338746101659e-09	1.951080313977837723e-09	1.959676918887247202e-09
-4.250753075456027749e-09	1.942798607176017551e-09	1.957100255004988098e-09
-4.219794727533771904e-09	1.934417125556160199e-09	1.954572519576610354e-09
-4.188747147747091666e-09	1.925932800275967150e-09	1.952096258712751247e-09
-4.157609165278644868e-09	1.917342311771058285e-09	1.949673903804330973e-09
-4.126379578306651026e-09	1.908642437616641451e-09	1.947308256311619095e-09
-4.095057157723487580e-09	1.899829589942796405e-09	1.945001987247007861e-09
-4.063640624922306268e-09	1.890900060604620651e-09	1.942758132145283161e-09
-4.032128573620607852e-09	1.881850149783884710e-09	1.940579824610932165e-09
-4.000519736313773654e-09	1.872675781111716690e-09	1.938470198248442456e-09
-3.968812545735273953e-09	1.863372772747262527e-09	1.936432716952824429e-09
-3.937005531769864152e-09	1.853936781870507694e-09	1.934470970447668720e-09
-3.905097187284711585e-09	1.844363171447569262e-09	1.932588732563595436e-09
-3.873085832606591432e-09	1.834647234133617287e-09	1.930789873353857714e-09
-3.840969740413513278e-09	1.824783833296791073e-09	1.929078624618550724e-09
-3.808747261099101246e-09	1.814767850808947347e-09	1.927459336581559318e-09
-3.776416377758192555e-09	1.804593687445298346e-09	1.925936550055054046e-09
-3.743975278414292486e-09	1.794255534889053810e-09	1.924515198130007687e-09
-3.711421907302853142e-09	1.783747377581031356e-09	1.923200331395176752e-09
-3.678754160093394752e-09	1.773062811387031736e-09	1.921997266896123265e-09
-3.645969814484750931e-09	1.762195108353244811e-09	1.920911725054521407e-09
-3.613066534384222129e-09	1.751137338838385461e-09	1.919949612257681837e-09
-3.580041898117836296e-09	1.739881957026629637e-09	1.919117256776845746e-09
-3.546893323491874967e-09	1.728421324583568041e-09	1.918421260738265632e-09
-3.513618157998495664e-09	1.716747101883913769e-09	1.917868680534449282e-09
-3.480213554376748914e-09	1.704850823476377375e-09	1.917466805703921325e-09
-3.446676477558892785e-09	1.692723259709061313e-09	1.917223496628148782e-09
-3.413003830018236853e-09	1.680354866362516760e-09	1.917147091079594161e-09
-3.379192339373900245e-09	1.667735623674673359e-09	1.917246158130453144e-09
-3.345238358080654003e-09	1.654854768033307038e-09	1.917530102294930435e-09
-3.311138321859996015e-09	1.641701049178435273e-09	1.918008525151817031e-09
-3.276888243623489344e-09	1.628262624731128591e-09	1.918691947914643265e-09
-3.242483886945108999e-09	1.614526832597791267e-09	1.919591219312730828e-09
-3.207921021411170763e-09	1.600480414864455007e-09	1.920718061450030246e-09
-3.173194758806318392e-09	1.586109334613392378e-09	1.922084770048994730e-09
-3.138300257628875741e-09	1.571398581627263258e-09	1.923704409656610739e-09
-3.103232178170055666e-09	1.556332431447978019e-09	1.925590955206019237e-09
-3.067984837475750041e-09	1.540894062346341785e-09	1.927759178214562946e-09
-3.032552338411326344e-09	1.525065699651730143e-09	1.930224782786925518e-09
-2.996928141763170524e-09	1.508828538036478118e-09	1.933004492582600756e-09
-2.961105427059904422e-09	1.492162445455769257e-09	1.936116097999546952e-09
-2.925076826125175960e-09	1.475046051968659842e-09	1.939578574602103375e-09
-2.888834611802945923e-09	1.457456751582088230e-09	1.943412121045354406e-09
-2.852370238615338097e-09	1.439370343285125705e-09	1.947638419985797413e-09
-2.815674675823232788e-09	1.420761086556946168e-09	1.952280292982888617e-09
-2.778738347290449707e-09	1.401601540385124161e-09	1.957362461002643146e-09
-2.741550621243749369e-09	1.381862365275862575e-09	1.962911248358161238e-09
-2.704100425058832735e-09	1.361512321403620014e-09	1.968954616941503215e-09
-2.666375580513168590e-09	1.340518026211846098e-09	1.975522852710753065e-09
-2.628363005482194036e-09	1.318843658356365793e-09	1.982648127156133323e-09
-2.590048641300856394e-09	1.296450955849292825e-09	1.990364992266016040e-09
-2.551417094265463047e-09	1.273298945910474694e-09	1.998710728405223658e-09
-2.512451886353363813e-09	1.249343667408879852e-09	2.007725054727648766e-09
-2.473135144824234238e-09	1.224537893307412095e-09	2.017450949816945541e-09
-2.433447266377609985e-09	1.198831036293954749e-09	2.027934497180495153e-09
-2.393367124393497414e-09	1.172168577016012092e-09	2.039225476442294453e-09
-2.352871663243480146e-09	1.144491923454958384e-09	2.051377364272490671e-09
-2.311935847395291074e-09	1.115737889116219994e-09	2.064447981083597439e-09
-2.270532178013410169e-09	1.085838515398587471e-09	2.078499909223196776e-09
-2.228630682314322433e-09	1.054720322191176040e-09	2.093600592889663063e-09
-2.186198726679998205e-09	1.022303889689919183e-09	2.109823123615822250e-09
-2.143200359313342229e-09	9.885035123780590313e-10	2.127246777801933990e-09
-2.099596115486573103e-09	9.532263163988424966e-10	2.145957546847184082e-09
-2.055342854707634313e-09	9.163716618850681662e-10	2.166048769050701971e-09
-2.010392944710655438e-09	8.778304028123572973e-10	2.187622059427957473e-09
-1.964693958911412557e-09	8.374838526374619441e-10	2.210787877765644586e-09
-1.918187993628933486e-09	7.952032810010675590e-10	2.235666973771216026e-09
-1.870811154140371523e-09	7.508481984312662293e-10	2.262390828381920837e-09
-1.822492676680509443e-09	7.042656106441496093e-10	2.291103456027769702e-09
-1.773154006956646292e-09	6.552887288347281790e-10	2.321962328892204518e-09
-1.722708164082590665e-09	6.037349842278317781e-10	2.355140249487259972e-09
-1.671058218651602283e-09	5.494048401407601226e-10	2.390826913297493671e-09
-1.618096204710483659e-09	4.920796566517581231e-10	2.429230925675105299e-09
-1.563701702382195804e-09	4.315194312987347928e-10	2.470582040799743809e-09
-1.507740036525329587e-09	3.674606322927066936e-10	2.515133940931793270e-09
-1.450060346797148772e-09	2.996131583573391688e-10	2.563166921302722488e-09
-1.390493493958001803e-09	2.276574077401616270e-10	2.614991342908694656e-09
-1.328849105752891792e-09	1.512406792395960410e-10	2.670951742186126753e-09
-1.264912754168896171e-09	6.997286083884803546e-11	2.731430833364531626e-09
-1.198442686756241874e-09	-1.657763371021397777e-11	2.796855195589783081e-09
-1.129164987438303694e-09	-1.088898101316540454e-10	2.867700863810584961e-09
-1.056769474705514706e-09	-2.074956595432671159e-10	2.944500335222589194e-09
-9.809036037127055747e-10	-3.129872361285102150e-10	3.027850923690831510e-09
-9.011659395560398709e-10	-4.260249949113875667e-10	3.118423737754423617e-09
-8.170981285101724894e-10	-5.473463423241116950e-10	3.216975083542200168e-09
-7.281758968947682177e-10	-6.777770067409587707e-10	3.324359333181344907e-09
-6.337975843225808703e-10	-8.182428234971193577e-10	3.441544256984444464e-09
-5.332713368111666605e-10	-9.697844990016650920e-10	3.569629354142640456e-09
-4.257990265932563255e-10	-1.133573960624846761e-09	3.709867146817413548e-09
-3.104576147087692545e-10	-1.310933861464821443e-09	3.863689268524203679e-09
-1.861765091630195060e-10	-1.503360630428304176e-09	4.032737331109470648e-09
-5.170971937677569056e-11	-1.712550778965135848e-09	4.218899897952968641e-09
9.439660257164268649e-11	-1.940432316679137106e-09	4.424357904116874977e-09
2.538453396556474826e-10	-2.189201969703704045e-09	4.651638975855652542e-09
4.286367920325572493e-10	-2.461368407239938075e-09	4.903684700889403636e-09
6.211300700628124832e-10	-2.759804174079662317e-09	5.183932139108133373e-09
8.341166979342537247e-10	-3.087806971224969139e-09	5.496415617090334974e-09
1.070912875276595200e-09	-3.449172614189617934e-09	5.845892420142439663e-09
1.335677694373373517e-09	-3.848241508786151169e-09	6.237957426528831853e-09
1.632860595577786431e-09	-4.290134038761202482e-09	6.679390747906808976e-09
1.968289991641423490e-09	-4.780707180128028924e-09	7.178209177058481880e-09
2.348859405819029813e-09	-5.326801259346154752e-09	7.744104896234999841e-09
2.782954746279663435e-09	-5.936391015796835165e-09	8.388826418700531154e-09
3.280799971046949012e-09	-6.618803323940054237e-09	9.126714402748629739e-09
3.854931971784581717e-09	-7.384970037346332795e-09	9.975396497719513329e-09
4.520804523326443776e-09	-8.247731316432071096e-09	1.095670526159689645e-08
5.297568653195606662e-09	-9.222194467344074670e-09	1.209790064608412777e-08
6.209087427776095597e-09	-1.032615549919312921e-08	1.343331595034786175e-08
7.285261133246984580e-09	-1.158058533512045903e-08	1.500659679853356147e-08
8.563763171573503560e-09	-1.301017714487207057e-08	1.687378402929673227e-08
1.009224998681512709e-08	-1.464397410370530790e-08	1.910760893027734905e-08
1.193129131515182593e-08	-1.651600982644035540e-08	2.180354707892586406e-08
1.415951727350491601e-08	-1.866501829021403935e-08	2.508863313951165280e-08
1.687594186241031368e-08	-2.113629768985112791e-08	2.913389430629334469e-08
2.020905860827005051e-08	-2.397971498406210776e-08	3.417321233397487287e-08
2.432495314352420008e-08	-2.724751743490768216e-08	4.053165962116782907e-08
2.943589760759536111e-08	-3.099017307217798076e-08	4.866857014618474361e-08
3.581059098238266844e-08	-3.524567338357169197e-08	5.924522809934314617e-08
4.377996415579777502e-08	-4.001893138354016181e-08	7.323285243221871527e-08
5.372799869359725247e-08	-4.524229403335668370e-08	9.208870656400642088e-08
6.603960211645226005e-08	-5.070153236512268004e-08	1.180495093955414178e-07
8.093595443709371974e-08	-5.590008033869945477e-08	1.546302322445361587e-07
9.802422139919369668e-08	-5.981803445169342591e-08	2.074860907752669341e-07
1.151272000537569659e-07	-6.051275633539191582e-08	2.859130829460523233e-07
1.252692857241755925e-07	-5.454753938538869016e-08	4.054451107664048510e-07
1.090593656938372164e-07	-3.679570078629832687e-08	5.919063237991631583e-07
1.536791576217753905e-08	-2.801112627034208009e-09	8.863675510747537534e-07
-2.854369413570548420e-07	3.590554427113294778e-08	1.342647315812612145e-06
-1.097495431153475511e-06	-1.270107344112812245e-08	1.974950494846788080e-06
-2.985390695912622156e-06	-5.213805857051964120e-07	2.496753202759543584e-06
-6.262944241717156190e-06	-2.402853808120960589e-06	1.554400215626638291e-06
-8.476814337044429959e-06	-5.840920361266709407e-06	-3.640838724180254342e-06
-5.576244067893186024e-06	-6.550126204700209054e-06	-1.015295775599791683e-05
0.000000000000000000e+00	0.000000000000000000e+00	0.000000000000000000e+00
